specificity,Condition,Language,Message
0,further/split,Chinese,的颜色
0,further/split,Chinese,灰色？
0,equal/far,Chinese,树的颜色
0,closer/close,Chinese,冷色
0,further/split,Chinese,草的颜色
0,closer/close,Chinese,最深
0,further/split,Chinese,两种稍微深些
0,further/split,Chinese,暗些
0,closer/close,Chinese,两同色中暗些
0,equal/far,Chinese,暗些
0,further/split,Chinese,两色中明亮一些
0,further/split,Chinese,两同色中暗些
0,closer/close,Chinese,树 暗些
0,equal/far,Chinese,暗些
0,equal/far,Chinese,橙子
0,closer/close,Chinese,最深
0,closer/close,Chinese,最深的色
0,equal/far,Chinese,红色
0,further/split,Chinese,绿色
0,equal/far,Chinese,黄色
0,closer/close,Chinese,红绿灯的绿色
0,further/split,Chinese,红绿灯的绿色
0,equal/far,Chinese,红
0,further/split,Chinese,不是蓝色也不是粉红色的那个颜色
0,further/split,Chinese,猪肝色吗？
0,closer/close,Chinese,最接近黄色的那个
0,closer/close,Chinese,墨绿色
0,equal/far,Chinese,蓝色
0,further/split,Chinese,橙色
0,further/split,Chinese,不是紫色也不是灰色
0,closer/close,Chinese,最亮的红色
0,closer/close,Chinese,粉红色吗？
0,equal/far,Chinese,灰色
0,further/split,Chinese,墨绿
0,further/split,Chinese,带青色或带蓝色？
0,further/split,Chinese,青色
1,equal/far,Chinese,深蓝色
0,further/split,Chinese,土黄色
0,further/split,Chinese,猪肝色
0,closer/close,Chinese,程度居中的绿色
0,further/split,Chinese,墨绿色
0,further/split,Chinese,土黄色
0,further/split,Chinese,黄色较浓吗？
0,equal/far,Chinese,灰色
0,closer/close,Chinese,蓝灰色
0,equal/far,Chinese,墨绿色
0,closer/close,Chinese,紫色
0,closer/close,Chinese,带红色或带蓝色？
0,closer/close,Chinese,带蓝色
0,closer/close,Chinese,和上一题一样的颜色
0,further/split,Chinese,大红
0,further/split,Chinese,灰色
0,equal/far,Chinese,不是红色也不是蓝色
0,further/split,Chinese,墨绿色
0,equal/far,Chinese,灰色
0,equal/far,Chinese,浅绿色
1,closer/close,Chinese,蓝绿色
0,closer/close,Chinese,蓝较多吗？
0,further/split,Chinese,紫色
0,closer/close,Chinese,蓝色
0,equal/far,Chinese,黄色
0,equal/far,Chinese,绿色
0,closer/close,Chinese,黄色最少
0,further/split,Chinese,蓝色
0,equal/far,Chinese,红色
0,equal/far,Chinese,红色
0,further/split,Chinese,红色
0,closer/close,Chinese,黄
0,closer/close,Chinese,浅绿色
0,further/split,Chinese,蓝色
0,closer/close,Chinese,粉红
0,closer/close,Chinese,深一点的蓝色
0,further/split,Chinese,紫色
0,further/split,Chinese,灰绿色
0,equal/far,Chinese,灰色
0,equal/far,Chinese,绿色
0,closer/close,Chinese,灰黄色
0,equal/far,Chinese,紫色
0,closer/close,Chinese,暗粉色
0,closer/close,Chinese,红色
1,further/split,Chinese,金黄色
0,closer/close,Chinese,暗粉色
0,closer/close,Chinese,暗粉红色吗
0,further/split,Chinese,黄色
0,further/split,Chinese,紫色
0,equal/far,Chinese,绿色
0,equal/far,Chinese,天蓝色
0,further/split,Chinese,浅绿色
0,further/split,Chinese,蓝紫色
0,closer/close,Chinese,绿色
0,equal/far,Chinese,绿色
0,closer/close,Chinese,黄灰色
0,equal/far,Chinese,紫色
0,further/split,Chinese,灰色
0,equal/far,Chinese,灰色
0,further/split,Chinese,土黄色
0,further/split,Chinese,泥黄色
0,closer/close,Chinese,最亮的绿色
0,further/split,Chinese,红色
0,equal/far,Chinese,紫色
0,equal/far,Chinese,绿色
0,further/split,Chinese,绿色
0,further/split,Chinese,天蓝色
0,further/split,Chinese,紫色
1,further/split,Chinese,金秋色
0,further/split,Chinese,紫色
0,closer/close,Chinese,亮粉色
0,closer/close,Chinese,蓝色
0,equal/far,Chinese,绿色
0,closer/close,Chinese,粉蓝色
0,closer/close,Chinese,灰蓝色
0,equal/far,Chinese,灰色
0,equal/far,Chinese,黄色
0,closer/close,Chinese,灰黄色
0,closer/close,Chinese,亮绿色
0,further/split,Chinese,黄色
0,further/split,Chinese,灰色
1,closer/close,Chinese,深蓝色
0,closer/close,Chinese,黃色
0,equal/far,Chinese,灰色
0,equal/far,Chinese,灰色
0,further/split,Chinese,淡粉色
0,further/split,Chinese,深棕色
0,equal/far,Chinese,浅绿色
0,further/split,Chinese,深灰色
1,closer/close,Chinese,蓝绿色
0,closer/close,Chinese,紫色
0,equal/far,Chinese,亮绿色
0,equal/far,Chinese,深绿色
0,equal/far,Chinese,看起来是蓝色吧
0,closer/close,Chinese,紫色
0,closer/close,Chinese,不是粉色
0,equal/far,Chinese,黄
0,equal/far,Chinese,绿
0,further/split,Chinese,深蓝
0,further/split,Chinese,亮蓝
0,closer/close,Chinese,深蓝
0,closer/close,Chinese,草绿
0,equal/far,Chinese,粉色
0,further/split,Chinese,粉色
0,equal/far,Chinese,亮蓝
0,further/split,Chinese,深灰色
0,equal/far,Chinese,深紫色
0,closer/close,Chinese,蓝色
0,equal/far,Chinese,墨绿
0,closer/close,Chinese,灰色
0,further/split,Chinese,红
0,equal/far,Chinese,接近皮肤颜色
0,closer/close,Chinese,浪漫的颜色
0,equal/far,Chinese,秋天的草色
0,further/split,Chinese,草色
0,closer/close,Chinese,浪漫的颜色
0,closer/close,Chinese,发芽的草色
0,equal/far,Chinese,血色
0,further/split,Chinese,公主色
0,further/split,Chinese,亮色
0,further/split,Chinese,亮色
0,closer/close,Chinese,血色
0,closer/close,Chinese,淡色
0,equal/far,Chinese,中色
0,equal/far,Chinese,难看的颜色
0,further/split,Chinese,中色
0,closer/close,Chinese,中色
0,closer/close,Chinese,难看色
0,closer/close,Chinese,天的色
0,further/split,Chinese,天的色
0,equal/far,Chinese,荷兰足球队最常穿的颜色
0,further/split,Chinese,美国国旗上的一种颜色
0,closer/close,Chinese,颜色最亮的一个
0,closer/close,Chinese,不是紫色不是浅灰
0,equal/far,Chinese,不是深蓝不是浅蓝
0,equal/far,Chinese,灰色
0,closer/close,Chinese,最亮的绿色
0,further/split,Chinese,紫色
0,equal/far,Chinese,蓝色
0,equal/far,Chinese,蓝灰色吗？
0,equal/far,Chinese,天蓝色
0,further/split,Chinese,紫色
0,further/split,Chinese,深绿色
0,further/split,Chinese,草的颜色？
0,equal/far,Chinese,紫色
0,equal/far,Chinese,是粉色吗？
0,further/split,Chinese,土黄色
0,equal/far,Chinese,不是蓝色不是粉色
0,equal/far,Chinese,蓝色
0,equal/far,Chinese,灰色
0,closer/close,Chinese,灰色。
0,closer/close,Chinese,最亮的绿色
0,closer/close,Chinese,紫色
0,equal/far,Chinese,灰色
0,equal/far,Chinese,紫色
0,closer/close,Chinese,不是最亮的绿色。第二亮的绿色
0,further/split,Chinese,颜色较深的绿色
0,further/split,Chinese,偏黄色？
0,further/split,Chinese,偏绿。不偏黄
0,further/split,Chinese,偏紫色
0,further/split,Chinese,蓝色？
0,further/split,Chinese,不是蓝色
0,further/split,Chinese,黄色？
0,further/split,Chinese,蓝色
0,further/split,Chinese,偏灰
0,further/split,Chinese,偏绿色？
0,further/split,Chinese,不偏绿
0,further/split,Chinese,比较暗的蓝色
0,closer/close,Chinese,亮度居中的绿色
0,further/split,Chinese,绿色
0,closer/close,Chinese,亮度居中的蓝色
0,closer/close,Chinese,偏灰色？
0,further/split,Chinese,最亮的绿色
0,closer/close,Chinese,偏暗的蓝色， 不是紫色
1,closer/close,Chinese,深蓝色？
0,closer/close,Chinese,浅蓝
0,closer/close,Chinese,深绿， 不偏黄
0,closer/close,Chinese,最亮的紫色
0,equal/far,Chinese,蓝色
0,further/split,Chinese,不是红色，不是亮绿色
0,further/split,Chinese,草绿色，偏亮
0,further/split,Chinese,绿色偏黄
0,further/split,Chinese,黄色？
0,closer/close,Chinese,浅蓝色
0,further/split,Chinese,灰色
0,equal/far,Chinese,紫色
0,equal/far,Chinese,紫色
0,equal/far,Chinese,绿色
0,equal/far,Chinese,草绿色？
0,closer/close,Chinese,最亮的粉红
0,further/split,Chinese,粉红色，偏亮
0,equal/far,Chinese,绿色
0,equal/far,Chinese,灰色，不是蓝色，不是紫色
0,closer/close,Chinese,绿色偏淡蓝色
0,closer/close,Chinese,偏黄色？
0,closer/close,Chinese,不偏黄
0,further/split,Chinese,深绿色
0,closer/close,Chinese,绿色偏亮
0,further/split,Chinese,青草的颜色但较浅
0,closer/close,Chinese,我这边有三个都比较深的颜色
0,closer/close,Chinese,黑色？
0,closer/close,Chinese,深灰色?
0,further/split,Chinese,青草的颜色
0,further/split,Chinese,我这边有两个绿色，是不是更亮一点的那个?
0,further/split,Chinese,比较接近女生的颜色
0,further/split,Chinese,绿色？
0,further/split,Chinese,另外两个都很像灰色
0,further/split,Chinese,是棕灰色？
0,equal/far,Chinese,粉红和？
0,equal/far,Chinese,紫色
0,equal/far,Chinese,粉紫
0,equal/far,Chinese,黄
0,equal/far,Chinese,粉色
0,closer/close,Chinese,偏蓝的绿
0,equal/far,Chinese,深蓝
0,closer/close,Chinese,比较深的紫
0,closer/close,Chinese,不是偏粉的紫 不亮
0,closer/close,Chinese,灰色
0,closer/close,Chinese,不偏蓝
0,closer/close,Chinese,最沉的绿
0,further/split,Chinese,不偏粉的紫
0,closer/close,Chinese,绿色 不太棕
0,closer/close,Chinese,比较灰
0,equal/far,Chinese,灰色
0,equal/far,Chinese,黄色
0,further/split,Chinese,灰色
0,equal/far,Chinese,最亮的绿
0,further/split,Chinese,粉色
0,equal/far,Chinese,蓝色
0,equal/far,Chinese,绿色
0,further/split,Chinese,橙色 很橙的
0,equal/far,Chinese,紫色
0,closer/close,Chinese,浅粉色
0,further/split,Chinese,比较暗淡的绿
0,closer/close,Chinese,偏紫色 
0,closer/close,Chinese,偏粉红色
0,closer/close,Chinese,最普通彩盘中的亮青
0,further/split,Chinese,蓝色
0,closer/close,Chinese,绿色
0,equal/far,Chinese,偏绿
0,further/split,Chinese,绿色
0,further/split,Chinese,亮蓝色
0,equal/far,Chinese,请问第一轮目标颜色是什么？
0,closer/close,Chinese,浅绿色
0,equal/far,Chinese,绿色
0,equal/far,Chinese,草的颜色
0,closer/close,Chinese,色泽鲜艳
0,closer/close,Chinese,绿色但不太绿
0,further/split,Chinese,绿色但不太绿
0,closer/close,Chinese,明亮的紫色
0,closer/close,Chinese,老绿
0,equal/far,Chinese,灰蓝色
0,further/split,Chinese,浅绿色
0,further/split,Chinese,浅橙色
0,closer/close,Chinese,绿色
0,equal/far,Chinese,浅绿色灰色
0,equal/far,Chinese,紫色
0,further/split,Chinese,浅灰色
0,closer/close,Chinese,浅紫色
0,closer/close,Chinese,蓝色
0,further/split,Chinese,草的颜色
0,equal/far,Chinese,这颜色不接近天，也不接近草
0,further/split,Chinese,接近草的颜色，但比较深
0,closer/close,Chinese,颜色不接近草
0,closer/close,Chinese,颜色不接近天空
0,equal/far,Chinese,草的颜色
0,further/split,Chinese,外线的颜色
0,closer/close,Chinese,比较深的外线颜色
0,further/split,Chinese,外线颜色
0,further/split,Chinese,比较光的外线颜色
0,further/split,Chinese,亮一点的草的颜色
0,equal/far,Chinese,不是草也不是太阳的颜色
0,equal/far,Chinese,不是天空也不是外线的颜色
0,equal/far,Chinese,太阳的颜色
0,further/split,Chinese,最接近草的颜色
0,further/split,Chinese,外线颜色
0,closer/close,Chinese,最浅的草的颜色
0,further/split,Chinese,最接近草的颜色
0,closer/close,Chinese,粱美梦的颜色？
0,equal/far,Chinese,草的颜色
0,closer/close,Chinese,接近草的颜色，可是没那么绿
0,further/split,Chinese,外线颜色
0,closer/close,Chinese,这里面最亮最深的颜色
0,equal/far,Chinese,天的颜色
0,further/split,Chinese,亮的草的颜色
0,closer/close,Chinese,土的颜色
0,closer/close,Chinese,最接近天的颜色
0,equal/far,Chinese,没那么亮的天的颜色
0,equal/far,Chinese,草的颜色
0,closer/close,Chinese,这里面颜色最中间
0,further/split,Chinese,不是天也不是图的颜色
0,equal/far,Chinese,草的颜色
0,closer/close,Chinese,这里面颜色最深
0,equal/far,Chinese,草的颜色
0,equal/far,Chinese,浅的天空颜色
0,closer/close,Chinese,土的颜色
0,equal/far,Chinese,最接近太阳颜色
0,further/split,Chinese,最接近土的颜色
0,closer/close,Chinese,这里面最深的颜色
0,equal/far,Chinese,土的颜色
0,further/split,Chinese,亮的草的颜色
0,closer/close,Chinese,最接近天空的颜色
0,further/split,Chinese,最接近户的颜色
0,closer/close,Chinese,这里面颜色最浅
0,further/split,Chinese,深的草的颜色
0,equal/far,Chinese,土的颜色
0,closer/close,Chinese,这里面最亮的颜色
0,closer/close,Chinese,这个颜色是天空的颜色
0,further/split,Chinese,这是皮肤颜色
0,closer/close,Chinese,这是有点红色的颜色
1,closer/close,Chinese,是深红吗
0,closer/close,Chinese,还是粉红？
1,closer/close,Chinese,深红
0,closer/close,Chinese,有点灰的浅绿色
0,equal/far,Chinese,紫色
0,further/split,Chinese,绿色
0,equal/far,Chinese,灰绿色
0,closer/close,Chinese,紫色
0,further/split,Chinese,灰色
0,further/split,Chinese,这是比较深色的那个绿色
0,further/split,Chinese,灰色
0,further/split,Chinese,算是灰色吧
0,equal/far,Chinese,神皇色
0,equal/far,Chinese,深黄色
0,closer/close,Chinese,绿色
0,further/split,Chinese,比较浅色的紫色
0,further/split,Chinese,比较艳的绿色
0,equal/far,Chinese,浅粉红灰色
0,equal/far,Chinese,肉色
0,further/split,Chinese,艳的紫色
0,closer/close,Chinese,这里有三个绿色
0,closer/close,Chinese,一个艳绿色 和一个比较灰的绿色
0,closer/close,Chinese,是剩下的那个色
0,closer/close,Chinese,艳绿色
0,equal/far,Chinese,绿色
0,further/split,Chinese,紫色
0,closer/close,Chinese,比较蓝色的那个色
0,closer/close,Chinese,艳蓝色
0,closer/close,Chinese,艳紫色
0,equal/far,Chinese,黄色
0,further/split,Chinese,艳绿色
0,further/split,Chinese,有点粉红色的灰色
0,further/split,Chinese,浅橘色
0,closer/close,Chinese,艳绿色
0,further/split,Chinese,艳蓝色
0,further/split,Chinese,有点灰的绿色
0,equal/far,Chinese,灰色
0,further/split,Chinese,绿色
0,closer/close,Chinese,有点黄色的绿色
0,equal/far,Chinese,灰色
0,closer/close,Chinese,蓝色
0,equal/far,Chinese,蓝色
0,equal/far,Chinese,艳紫红色
0,further/split,Chinese,蓝色
0,equal/far,Chinese,黄色
0,closer/close,Chinese,比较有粉色的灰色
0,equal/far,Chinese,灰色
0,closer/close,Chinese,灰色
0,closer/close,Chinese,紫色
0,equal/far,Chinese,灰色
0,equal/far,Chinese,黄色
0,closer/close,Chinese,纯灰色
0,equal/far,Chinese,绿色
0,equal/far,Chinese,这是一个暖色调
0,equal/far,Chinese,这是一个接近天空的颜色
0,equal/far,Chinese,这是一个大多数女生都喜欢的可爱的颜色
0,equal/far,Chinese,这是一个接近秋冬枯草的颜色
0,equal/far,Chinese,军装的颜色
0,equal/far,Chinese,这是一个比天空蓝更深的颜色
0,closer/close,Chinese,这个颜色在你所看到的三个颜色里最亮
0,closer/close,Chinese,你会看到两种特别接近的大地色， 相比之下深一些的颜色是你应该选的
0,closer/close,Chinese,两种颜色相近的大地色， 选择有一些微黄的颜色
0,closer/close,Chinese,甚至泛着微绿
0,further/split,Chinese,最接近大地的土色
0,closer/close,Chinese,特别接近塑料绿的绿色
0,further/split,Chinese,一个比较正，标准的紫色， 
1,further/split,Chinese,深蓝色
0,closer/close,Chinese,橘色 比较秋季暖的感觉
0,equal/far,Chinese,灰蓝色
0,equal/far,Chinese,绿色
0,further/split,Chinese,比较鲜艳的绿色
0,further/split,Chinese,深绿色
0,further/split,Chinese,灰色调的紫色
0,equal/far,Chinese,深粉色
0,further/split,Chinese,灰色
0,equal/far,Chinese,灰色调
0,closer/close,Chinese,深绿色， 不是亮绿！
0,further/split,Chinese,带点橘红色的橘色 
0,further/split,Chinese,两个橘色里深一些的那个
0,further/split,Chinese,泛红色的深橘色
0,closer/close,Chinese,灰色调的深蓝色
0,further/split,Chinese,亮橘色
0,further/split,Chinese,浅色橘
0,further/split,Chinese,橙汁儿
0,closer/close,Chinese,粉色 浅色
0,closer/close,Chinese,最接近粉色的那个
0,further/split,Chinese,灰色调 绿色
0,further/split,Chinese,棕色土色
0,further/split,Chinese,不是绿色， 也不是军绿色
0,further/split,Chinese,剩下的那个土色 棕色，就是了
0,further/split,Chinese,妖艳的紫粉色
0,further/split,Chinese,两个绿色，你要选的是那个有提亮的绿色
0,further/split,Chinese,不是灰暗的绿色
0,further/split,Chinese,像那个紫色一样亮的绿蓝色
0,closer/close,Chinese,灰土色 
0,closer/close,Chinese,不是任何一个接近绿色的颜色
0,closer/close,Chinese,土色，泛黄 泛绿
0,closer/close,Chinese,不是橘色 也不是那个带橘红的土色
0,closer/close,Chinese,冷色调一些
0,further/split,Chinese,绿色， 深绿
0,equal/far,Chinese,红色
0,equal/far,Chinese,土橘黄色
0,equal/far,Chinese,紫色
0,equal/far,Chinese,红色
0,further/split,Chinese,土色， 
0,further/split,Chinese,蓝色
0,further/split,Chinese,深蓝
0,closer/close,Chinese,粉色
0,equal/far,Chinese,粉色
0,equal/far,Chinese,粉红
0,closer/close,Chinese,土绿色
0,closer/close,Chinese,深紫色
0,closer/close,Chinese,紫色
0,closer/close,Chinese,任意一个土色
0,equal/far,Chinese,粉红
0,closer/close,Chinese,艳红
0,closer/close,Chinese,超级亮 红色
0,closer/close,Chinese,暗绿色 但不是最灰色的那个
0,equal/far,Chinese,灰色
0,further/split,Chinese,绿色但不太绿
0,further/split,Chinese,红色与浅紫色
0,further/split,Chinese,浅紫色
0,closer/close,Chinese,浅紫色
0,equal/far,Chinese,绿色
0,equal/far,Chinese,灰绿色
0,closer/close,Chinese,紫色
0,closer/close,Chinese,明亮的紫色
0,closer/close,Chinese,橙子
0,further/split,Chinese,森林绿色
0,closer/close,Chinese,灰色
1,equal/far,Chinese,玫瑰紫色
0,further/split,Chinese,紫色
0,closer/close,Chinese,绿色
0,closer/close,Chinese,黑
0,closer/close,Chinese,森林绿色
0,equal/far,Chinese,紫色
0,closer/close,Chinese,灰色
0,equal/far,Chinese,棕色
0,closer/close,Chinese,浅绿色
0,further/split,Chinese,透亮绿色
0,equal/far,Chinese,橙子
0,closer/close,Chinese,绿
0,closer/close,Chinese,品绿
0,equal/far,Chinese,蓝色
0,further/split,Chinese,紫色
0,further/split,Chinese,蓝色
0,further/split,Chinese,蓝色
0,further/split,Chinese,紫色
0,equal/far,Chinese,红
0,closer/close,Chinese,绿色
0,closer/close,Chinese,深绿色
0,equal/far,Chinese,紫色
0,closer/close,Chinese,蓝绿
0,closer/close,Chinese,深紫色
0,further/split,Chinese,深灰色
0,further/split,Chinese,亮蓝色
0,further/split,Chinese,深灰色
0,further/split,Chinese,深灰色
0,equal/far,Chinese,黄色
0,closer/close,Chinese,绿色
0,closer/close,Chinese,绿色
0,closer/close,Chinese,蓝
0,equal/far,Chinese,灰色
0,closer/close,Chinese,灰
0,closer/close,Chinese,棕色
0,closer/close,Chinese,绿色
0,equal/far,Chinese,棕色
0,further/split,Chinese,叶子脱落的颜色
0,equal/far,Chinese,灰色
0,equal/far,Chinese,橙子
0,equal/far,Chinese,灰色
0,further/split,Chinese,不是紫色和蓝色
0,equal/far,Chinese,蓝色
1,equal/far,Chinese,玫瑰
0,closer/close,Chinese,天空蓝
0,further/split,Chinese,蓝色
0,closer/close,Chinese,紫
0,closer/close,Chinese,天空蓝
0,equal/far,Chinese,黄色
0,further/split,Chinese,亮绿
0,equal/far,Chinese,深绿
0,closer/close,Chinese,深绿
0,further/split,Chinese,蓝
0,further/split,Chinese,灰
0,further/split,Chinese,紫
0,further/split,Chinese,亮蓝
0,closer/close,Chinese,土绿
0,closer/close,Chinese,深紫
0,equal/far,Chinese,蓝
0,further/split,Chinese,亮绿
0,equal/far,Chinese,灰色
0,further/split,Chinese,亮蓝
0,equal/far,Chinese,蓝
0,equal/far,Chinese,亮蓝
0,equal/far,Chinese,蓝
0,closer/close,Chinese,亮灰
0,closer/close,Chinese,蓝绿
0,equal/far,Chinese,蓝
0,closer/close,Chinese,次亮绿
0,equal/far,Chinese,红
0,further/split,Chinese,紫
0,further/split,Chinese,深蓝
0,equal/far,Chinese,蓝
0,further/split,Chinese,介于土色和绿色
0,further/split,Chinese,土色偏黄
0,further/split,Chinese,蓝
0,closer/close,Chinese,紫
0,equal/far,Chinese,粉红
0,closer/close,Chinese,蓝绿
0,equal/far,Chinese,蓝
0,further/split,Chinese,土紫
0,closer/close,Chinese,蓝绿色偏黄
0,equal/far,Chinese,绿
0,further/split,Chinese,亮绿
0,closer/close,Chinese,暗绿偏黄
0,equal/far,Chinese,绿
0,equal/far,Chinese,红
0,equal/far,Chinese,紫
0,closer/close,Chinese,灰蓝
0,further/split,Chinese,荧光蓝
0,closer/close,Chinese,深蓝
0,closer/close,Chinese,亮绿
0,closer/close,Chinese,灰
0,equal/far,Chinese,不是蓝色和绿色
0,equal/far,Chinese,选紫色
0,further/split,Chinese,选棕色
0,closer/close,Chinese,请描述颜色
0,closer/close,Chinese,咖啡色
0,closer/close,Chinese,本轮都是绿色，没有咖啡色
0,closer/close,Chinese,是深绿色吗？
1,closer/close,Chinese,翠绿色
0,equal/far,Chinese,灰色
0,closer/close,Chinese,嫩绿色
0,further/split,Chinese,蓝色
0,equal/far,Chinese,紫色
0,equal/far,Chinese,蓝色
0,closer/close,Chinese,红色
0,closer/close,Chinese,大红？
0,equal/far,Chinese,紫色
0,further/split,Chinese,翠绿
0,equal/far,Chinese,灰色
0,equal/far,Chinese,绿色
0,equal/far,Chinese,绿色
0,further/split,Chinese,棕色
0,further/split,Chinese,偏黄色吗？
0,further/split,Chinese,偏红的
0,further/split,Chinese,紫色
0,closer/close,Chinese,嫩绿色
0,closer/close,Chinese,最亮的绿色？
0,closer/close,Chinese,中间色
0,equal/far,Chinese,紫红色？
0,further/split,Chinese,蓝色
0,further/split,Chinese,比较深的绿
0,equal/far,Chinese,蓝色
0,further/split,Chinese,蓝色
0,closer/close,Chinese,暗紫色？
0,closer/close,Chinese,深紫色
0,closer/close,Chinese,偏红的棕色
0,closer/close,Chinese,有两种偏红的棕色，是比较深还是比较浅的那个？
0,closer/close,Chinese,偏橙色的
0,equal/far,Chinese,灰色
0,closer/close,Chinese,较暗的绿色
0,further/split,Chinese,偏亮的绿色
0,closer/close,Chinese,蓝色
0,further/split,Chinese,紫红色
0,further/split,Chinese,偏红的
0,further/split,Chinese,棕色
0,further/split,Chinese,紫色
0,further/split,Chinese,绿色
0,equal/far,Chinese,灰色
0,equal/far,Chinese,紫色
0,equal/far,Chinese,绿色
0,closer/close,Chinese,蓝色
0,closer/close,Chinese,较深的嫩绿
0,further/split,Chinese,偏棕的黄
0,closer/close,Chinese,灰色
0,equal/far,Chinese,黄色
0,closer/close,Chinese,较灰的
0,closer/close,Chinese,宝蓝色
0,equal/far,Chinese,黄色
0,equal/far,Chinese,灰色
0,closer/close,Chinese,偏红的
0,closer/close,Chinese,紫色
0,closer/close,Chinese,偏红的
0,further/split,Chinese,偏暗的绿
0,further/split,Chinese,是什么颜色
0,further/split,Chinese,深绿
0,further/split,Chinese,亮绿
0,closer/close,Chinese,亮土黄
0,closer/close,Chinese,亮紫
0,closer/close,Chinese,紫
0,equal/far,Chinese,深土色
0,further/split,Chinese,比较绿色的绿
0,equal/far,Chinese,偏棕色
0,equal/far,Chinese,紫
0,equal/far,Chinese,灰
0,equal/far,Chinese,黄
0,equal/far,Chinese,绿
0,further/split,Chinese,暗绿
0,equal/far,Chinese,蓝
0,further/split,Chinese,不是亮蓝
0,further/split,Chinese,不是灰蓝
0,closer/close,Chinese,没到紫
0,closer/close,Chinese,介于蓝跟紫
0,further/split,Chinese,灰蓝
0,closer/close,Chinese,有点发绿，特别棕，和黄棕色
0,closer/close,Chinese,不是那个绿
0,closer/close,Chinese,算特别棕吧。比较深色那个
0,equal/far,Chinese,感觉快到五十度灰色了。。。。。。。
0,equal/far,Chinese,红
0,further/split,Chinese,比较亮的绿
0,closer/close,Chinese,不是亮粉红
0,closer/close,Chinese,比较亮的紫
0,further/split,Chinese,蓝
0,closer/close,Chinese,偏桃红
0,equal/far,Chinese,蓝
0,further/split,Chinese,灰
0,further/split,Chinese,偏粉红
0,equal/far,Chinese,亮绿
0,closer/close,Chinese,最亮蓝
0,equal/far,Chinese,深蓝
0,closer/close,Chinese,有点接近荧光绿的亮绿
0,closer/close,Chinese,不是正绿色的那个
0,closer/close,Chinese,不是橄榄暗绿色的那个
0,closer/close,Chinese,比较不像叶子色
0,equal/far,Chinese,红
0,equal/far,Chinese,紫
0,further/split,Chinese,土黄
0,equal/far,Chinese,蓝
0,further/split,Chinese,灰蓝
0,closer/close,Chinese,又是那个荧光绿
0,closer/close,Chinese,发蓝的那个
0,further/split,Chinese,偏粉红紫
0,closer/close,Chinese,蓝色
0,closer/close,Chinese,有点带土色的绿
0,further/split,Chinese,蓝色
0,closer/close,Chinese,紫色
0,further/split,Chinese,紫色
0,equal/far,Chinese,荧光绿
0,further/split,Chinese,荧光粉红
0,closer/close,Chinese,灰紫色
0,closer/close,Chinese,粉色，灰粉色，大紫色
0,closer/close,Chinese,大紫色
0,closer/close,Chinese,亮紫色
0,further/split,Chinese,最亮的浅蓝色
0,equal/far,Chinese,暗紫色
0,closer/close,Chinese,灰色
0,closer/close,Chinese,紫色
0,further/split,Chinese,两同色中较浅
0,closer/close,Chinese,我色盲了= =
0,closer/close,Chinese,是否有灰色…
0,closer/close,Chinese,較淺或較深?
0,closer/close,Chinese,是否紅色多些?
0,closer/close,Chinese,有否多些紅色
0,equal/far,Chinese,外线的颜色
0,closer/close,Chinese,土的颜色
0,closer/close,Chinese,沒有土的顏色啊
0,closer/close,Chinese,最接近草的颜色
0,equal/far,Chinese,草的颜色
0,equal/far,Chinese,不是草的颜色
0,equal/far,Chinese,颜色不接近草根天空
0,equal/far,Chinese,有否土色?
0,equal/far,Chinese,有否紅色?
0,equal/far,Chinese,也不是草的颜色
0,further/split,Chinese,有不土色?
0,further/split,Chinese,不是土色
0,further/split,Chinese,不是鲜艳的颜色
0,further/split,Chinese,应该接近蓝
0,further/split,Chinese,带点灰
0,further/split,Chinese,多些紅?
0,further/split,Chinese,鲜艳的草色
0,closer/close,Chinese,最鲜艳的颜色
0,closer/close,Chinese,不是灰
0,closer/close,Chinese,可是接近灰
0,closer/close,Chinese,接近紫色
0,equal/far,Chinese,不是鲜艳的颜色
0,further/split,Chinese,鲜艳的草的颜色
0,further/split,Chinese,最接近红
0,closer/close,Chinese,我看全是草色?
0,closer/close,Chinese,最鲜的草色
0,equal/far,Chinese,青
0,equal/far,Chinese,绿色
0,equal/far,Chinese,最鲜艳的草色
0,equal/far,Chinese,绿色
0,further/split,Chinese,太阳的颜色
0,equal/far,Chinese,粉色
0,closer/close,Chinese,不是灰
0,closer/close,Chinese,不是紫
0,equal/far,Chinese,鲜绿色
0,closer/close,Chinese,绿色
0,equal/far,Chinese,紫色
0,closer/close,Chinese,绿色
0,equal/far,Chinese,绿色
0,closer/close,Chinese,接近小小兵的颜色
0,closer/close,Chinese,多些土色?
0,further/split,Chinese,不鲜艳的草色
0,further/split,Chinese,紫色
1,further/split,Chinese,較灰的紫?
1,further/split,Chinese,較灰的紫?
0,further/split,Chinese,不灰不草
0,further/split,Chinese,蓝色有点灰色
0,closer/close,Chinese,最深
0,equal/far,Chinese,棕色
0,equal/far,Chinese,蓝色
0,further/split,Chinese,棕色
0,equal/far,Chinese,多些灰?
0,equal/far,Chinese,最接近紫
0,closer/close,Chinese,最鲜的绿
0,closer/close,Chinese,蓝色
0,equal/far,Chinese,蓝色
0,further/split,Chinese,鲜绿色
0,further/split,Chinese,的颜色
0,closer/close,Chinese,最灰的颜色
0,further/split,Chinese,灰色
0,equal/far,Chinese,也不接近红
0,equal/far,Chinese,完全不带草的颜色
0,closer/close,Chinese,紫色
0,further/split,Chinese,灰?天?湖?
0,equal/far,Chinese,紫
0,further/split,Chinese,鮮紅?灰?淺紅?
0,further/split,Chinese,鲜红
0,further/split,Chinese,紫色有点蓝
0,equal/far,Chinese,不草也不红
0,closer/close,Chinese,浅紫色
0,equal/far,Chinese,不红也不草
0,equal/far,Chinese,粉色
0,equal/far,Chinese,紫色
0,further/split,Chinese,灰色
0,closer/close,Chinese,灰色
0,equal/far,Chinese,棕色
0,further/split,Chinese,灰色
0,equal/far,Chinese,天蓝色
0,closer/close,Chinese,灰
0,closer/close,Chinese,鲜绿色
0,closer/close,Chinese,紫色
0,further/split,Chinese,绿色
0,further/split,Chinese,鲜绿色
0,further/split,Chinese,紫
0,further/split,Chinese,灰
0,equal/far,Chinese,鲜绿色
0,closer/close,Chinese,绿
0,closer/close,Chinese,黄
0,further/split,Chinese,绿色
0,further/split,Chinese,树色
0,further/split,Chinese,树的颜色
0,closer/close,Chinese,紫
0,further/split,Chinese,绿
1,equal/far,Chinese,玫瑰红
1,closer/close,Chinese,玫瑰红
0,further/split,Chinese,绿色
0,equal/far,Chinese,红
0,further/split,Chinese,绿
0,further/split,Chinese,红
1,further/split,Chinese,玫瑰
0,equal/far,Chinese,蓝
0,closer/close,Chinese,紫棕色
0,closer/close,Chinese,紫
0,equal/far,Chinese,蓝色
0,further/split,Chinese,绿
0,closer/close,Chinese,暗绿色
0,closer/close,Chinese,正灰色
0,closer/close,Chinese,偏黄
1,further/split,Chinese,最亮最浅的蓝绿色
0,equal/far,Chinese,绿色
0,equal/far,Chinese,绿框就是对了~ 目前都对
0,equal/far,Chinese,绿色
0,further/split,Chinese,蓝
0,equal/far,Chinese,紫
0,equal/far,Chinese,棕色
0,further/split,Chinese,紫色
0,further/split,Chinese,没关系，我会尽量用最极端最简单的方式描述颜色
0,closer/close,Chinese,亮绿
0,equal/far,Chinese,灰蓝
0,equal/far,Chinese,灰色
0,further/split,Chinese,正紫色
0,equal/far,Chinese,绿色
0,closer/close,Chinese,亮荧光绿
0,further/split,Chinese,绿色
0,closer/close,Chinese,正紫色，不发粉，不发灰
0,closer/close,Chinese,如果你看紫色程度，中间的那个
0,closer/close,Chinese,发灰的紫色
0,closer/close,Chinese,灰蓝色，不是正蓝
0,further/split,Chinese,绿色
0,closer/close,Chinese,最亮的绿
0,further/split,Chinese,粉色
0,further/split,Chinese,大粉色
0,equal/far,Chinese,绿色
0,further/split,Chinese,暗紫色
0,equal/far,Chinese,暗紫色
0,further/split,Chinese,绿色
0,closer/close,Chinese,灰色
0,equal/far,Chinese,棕色
0,further/split,Chinese,粉红色
0,closer/close,Chinese,粉色
0,closer/close,Chinese,棕色
0,equal/far,Chinese,蓝
0,equal/far,Chinese,蓝
0,further/split,Chinese,土黄色
0,further/split,Chinese,蓝
0,further/split,Chinese,灰粉色
0,equal/far,Chinese,蓝色
0,closer/close,Chinese,占了灰的粉色
0,closer/close,Chinese,灰粉色
0,closer/close,Chinese,橙色，不是最亮的黄，也不是偏土黄色
0,equal/far,Chinese,绿色
0,further/split,Chinese,蓝色
0,closer/close,Chinese,灰色
0,closer/close,Chinese,正灰色
0,closer/close,Chinese,褐色偏粉
0,equal/far,Chinese,灰蓝色
0,closer/close,Chinese,红色
0,further/split,Chinese,橄榄绿
0,equal/far,Chinese,灰色
0,equal/far,Chinese,紫色
0,further/split,Chinese,正紫色
0,closer/close,Chinese,最接近红
0,further/split,Chinese,不那么鲜艳的天空色
0,equal/far,Chinese,最接近天空颜色
0,further/split,Chinese,不是蓝
0,further/split,Chinese,有两个不是蓝
0,further/split,Chinese,比较深的草色
0,closer/close,Chinese,比较灰的紫色
0,equal/far,Chinese,紫色
0,further/split,Chinese,最接近草的颜色
0,closer/close,Chinese,鲜艳的橘子颜色
0,equal/far,Chinese,橘子颜色
0,equal/far,Chinese,最接近草的颜色
1,further/split,Chinese,鲜艳的桃色
0,further/split,Chinese,比较红的吗？
0,further/split,Chinese,接近红
0,further/split,Chinese,比较灰的蓝色
0,closer/close,Chinese,最接近土壤的颜色
0,closer/close,Chinese,不带绿
0,further/split,Chinese,最接近红色
0,closer/close,Chinese,带点灰的紫色
0,equal/far,Chinese,不是蓝也不是红
0,further/split,Chinese,带点灰的蓝？
0,further/split,Chinese,总之不是橘色，也不是绿色
0,equal/far,Chinese,最接近红色
0,equal/far,Chinese,棕色？
0,equal/far,Chinese,草的颜色
0,closer/close,Chinese,最接近黄色
0,equal/far,Chinese,天空色
0,equal/far,Chinese,最接近草的颜色
0,further/split,Chinese,最接近黄色
0,equal/far,Chinese,最接近黄色
0,further/split,Chinese,鲜艳的橘色
0,closer/close,Chinese,最没有带灰的紫色
0,equal/far,Chinese,紫色
0,further/split,Chinese,最接近蓝色
0,further/split,Chinese,绿色
0,further/split,Chinese,最深的紫色，不那么鲜艳的那个
0,closer/close,Chinese,最粉的红色，不鲜艳，也没那么红
0,closer/close,Chinese,是比较暗的吗？
0,closer/close,Chinese,比较深的蓝色
0,closer/close,Chinese,不那么暗的紫色
0,closer/close,Chinese,暗一点的红色，别混乱紫色噢
0,closer/close,Chinese,最接近蓝色，不是紫色
0,further/split,Chinese,暗的紫色
0,equal/far,Chinese,橘色
0,equal/far,Chinese,红色
0,equal/far,Chinese,灰色
0,closer/close,Chinese,最接近红色
0,closer/close,Chinese,灰色
0,further/split,Chinese,紫色，不接近红的版本
0,equal/far,Chinese,橘色
0,further/split,Chinese,红色
0,closer/close,Chinese,最灰的紫色
0,further/split,Chinese,跟上轮一样的颜色
0,equal/far,Chinese,鲜草色
0,closer/close,Chinese,黄色
0,closer/close,Chinese,最暗的红色？
0,closer/close,Chinese,有点像土色吗？
0,closer/close,Chinese,紫色 不带粉红
0,closer/close,Chinese,较深
0,equal/far,Chinese,蓝色
0,closer/close,Chinese,较深的灰色
0,further/split,Chinese,较亮的紫色
0,further/split,Chinese,青色
0,equal/far,Chinese,蓝
0,further/split,Chinese,绿草青
0,further/split,Chinese,普通的绿 不是比较带蓝的
0,closer/close,Chinese,不是灰 比较黯淡的蓝
0,further/split,Chinese,深蓝
0,further/split,Chinese,深蓝
1,equal/far,Chinese,灰紫
0,equal/far,Chinese,紫
0,further/split,Chinese,灰
0,closer/close,Chinese,粉红
0,further/split,Chinese,蓝
0,closer/close,Chinese,不是最浅的 带点蓝
0,further/split,Chinese,亮青
0,closer/close,Chinese,蓝
0,equal/far,Chinese,浅蓝
0,closer/close,Chinese,灰
0,further/split,Chinese,土黄
0,further/split,Chinese,蓝
0,further/split,Chinese,蓝
0,closer/close,Chinese,不是灰
0,closer/close,Chinese,不是青
0,equal/far,Chinese,灰蓝
0,closer/close,Chinese,粉红
0,further/split,Chinese,不是最深的蓝
0,further/split,Chinese,是浅灰蓝
0,closer/close,Chinese,蓝
0,closer/close,Chinese,不是最深
0,equal/far,Chinese,灰
0,equal/far,Chinese,紫
0,equal/far,Chinese,灰
0,equal/far,Chinese,橙
0,further/split,Chinese,紫
0,equal/far,Chinese,青
1,closer/close,Chinese,灰紫
0,equal/far,Chinese,紫
1,closer/close,Chinese,灰紫
0,equal/far,Chinese,青
0,further/split,Chinese,黄
0,equal/far,Chinese,蓝
0,further/split,Chinese,带灰的青
0,closer/close,Chinese,普通的紫
0,closer/close,Chinese,不带蓝
0,further/split,Chinese,比较暗淡的青
0,closer/close,Chinese,亮紫 不带灰
0,equal/far,Chinese,较深蓝
0,equal/far,Chinese,灰
0,further/split,Chinese,不带粉底紫
0,further/split,Chinese,不带粉的紫
0,closer/close,Chinese,蓝色
0,equal/far,Chinese,绿色
0,closer/close,Chinese,绿色
0,closer/close,Chinese, 亮绿色
0,closer/close,Chinese,偏灰、绿、蓝
0,closer/close,Chinese,绿
0,closer/close,Chinese,蓝
0,closer/close,Chinese,偏灰、蓝、紫
0,closer/close,Chinese,蓝
0,closer/close,Chinese,偏黄、紫、粉红
0,closer/close,Chinese,粉红
0,closer/close,Chinese,绿
0,equal/far,Chinese,灰色
0,closer/close,Chinese,绿
0,closer/close,Chinese,都是绿，说具体点
0,equal/far,Chinese,橙子
0,further/split,Chinese,紫色
0,equal/far,Chinese,绿色
0,further/split,Chinese,橙
0,closer/close,Chinese,绿
0,further/split,Chinese,紫
0,further/split,Chinese,麻烦直接说亮紫
0,further/split,Chinese,不是紫色
0,further/split,Chinese,不是灰色
0,further/split,Chinese,暗灰亮灰？
0,further/split,Chinese,亮灰
0,further/split,Chinese,棕色
0,further/split,Chinese,蓝色
0,further/split,Chinese,浅蓝？
0,further/split,Chinese,蓝
0,equal/far,Chinese,紫色
0,further/split,Chinese,紫色
0,equal/far,Chinese,灰色
0,equal/far,Chinese,紫色
0,equal/far,Chinese,灰
0,equal/far,Chinese,哪有灰
0,equal/far,Chinese,紅紫色
1,closer/close,Chinese,淡紫色
0,equal/far,Chinese,橙色
0,closer/close,Chinese,灰色
0,equal/far,Chinese,灰色
0,equal/far,Chinese,天藍色
0,equal/far,Chinese,黃色
0,closer/close,Chinese,藍色
0,further/split,Chinese,紅紫色
1,closer/close,Chinese,有點土的金色
1,further/split,Chinese,淡紫色
0,closer/close,Chinese,绿色
0,closer/close,Chinese,紫色不是很亮
0,equal/far,Chinese,灰色
0,further/split,Chinese,紫色
0,further/split,Chinese,黃色
0,equal/far,Chinese,天藍色
0,further/split,Chinese,藍色比較暗
0,further/split,Chinese,紅紫色
0,closer/close,Chinese,紅紫色
0,further/split,Chinese,黃色
0,further/split,Chinese,藍色比較暗
0,equal/far,Chinese,紅紫色
0,closer/close,Chinese,最暗的那個
0,equal/far,Chinese,橙色
0,further/split,Chinese,綠藍色
0,equal/far,Chinese,Green
0,closer/close,Chinese,选择粉色
0,equal/far,Chinese,都是粉色吧
0,equal/far,Chinese,选择绿色
0,equal/far,Chinese,有两个绿色，哪一个？
0,closer/close,Chinese,选择粉色
0,closer/close,Chinese,三个都是粉色。。。？
0,closer/close,Chinese,紫色
0,closer/close,Chinese,是不是比较灰的紫色？
0,further/split,Chinese,黄色
0,further/split,Chinese,绿色
0,equal/far,Chinese,上个目标是蓝色，为什么说了绿色？
0,equal/far,Chinese,红
0,equal/far,Chinese,蓝色
0,closer/close,Chinese,绿色
0,further/split,Chinese,蓝色
0,further/split,Chinese,上个颜色肯定不是绿色
0,equal/far,Chinese,蓝色
0,closer/close,Chinese,鹦鹉绿
0,closer/close,Chinese,深绿色
0,closer/close,Chinese,红
0,closer/close,Chinese,哪一个红？
0,closer/close,Chinese,紫色
0,further/split,Chinese,棕色
0,further/split,Chinese,绿色
0,closer/close,Chinese,蓝色
0,closer/close,Chinese,深绿色
0,closer/close,Chinese,你是描述带着黑框的颜色吗？
0,closer/close,Chinese,浅粉红色
0,closer/close,Chinese,深绿色
0,further/split,Chinese,绿色
0,equal/far,Chinese,绿色
0,equal/far,Chinese,绿色
0,equal/far,Chinese,诶，你在做什么？目标颜不是绿色，是红色
0,equal/far,Chinese,绿色
0,closer/close,Chinese,深绿色
0,further/split,Chinese,绿色
0,equal/far,Chinese,黄色
0,closer/close,Chinese,深绿色
0,equal/far,Chinese,深绿色
0,equal/far,Chinese,绿色
0,further/split,Chinese,绿色
0,further/split,Chinese,黄色
0,equal/far,Chinese,绿色
0,equal/far,Chinese,绿色
0,further/split,Chinese,绿色
0,equal/far,Chinese,蓝色
0,equal/far,Chinese,蓝色
0,equal/far,Chinese,蓝色
0,closer/close,Chinese,蓝色
0,closer/close,Chinese,蓝色
0,further/split,Chinese,灰色
0,equal/far,Chinese,蓝色
0,further/split,Chinese,灰色
0,further/split,Chinese,灰色
0,further/split,Chinese,深绿色
0,further/split,Chinese,灰色
0,further/split,Chinese,紫色
0,closer/close,Chinese,紫色
0,equal/far,Chinese,绿色
0,equal/far,Chinese,黄色
0,equal/far,Chinese,黄色
0,closer/close,Chinese,紫色
0,further/split,Chinese,蓝色
0,closer/close,Chinese,蓝色
0,closer/close,Chinese,灰色
0,closer/close,Chinese,灰色
0,closer/close,Chinese,棕色
0,closer/close,Chinese,深蓝
0,equal/far,Chinese,深蓝
0,closer/close,Chinese,深灰色
0,further/split,Chinese,深灰色
0,closer/close,Chinese,棕色
0,further/split,Chinese,紫色
0,equal/far,Chinese,黄色
0,further/split,Chinese,灰色
0,closer/close,Chinese,深绿色
0,further/split,Chinese,黄色
0,closer/close,Chinese,淡黄色
0,equal/far,Chinese,绿色
0,closer/close,Chinese,紫色
0,closer/close,Chinese,深绿色
0,equal/far,Chinese,灰色
0,further/split,Chinese,棕色
0,further/split,Chinese,灰黃色
0,closer/close,Chinese,粉紫色 
0,equal/far,Chinese,绿色
0,further/split,Chinese,绿色
0,closer/close,Chinese,灰色
0,further/split,Chinese,灰色
0,further/split,Chinese,有點綠
0,further/split,Chinese,棕色
0,closer/close,Chinese,紫色
0,closer/close,Chinese,都是紫色那一個
0,equal/far,Chinese,灰色
1,closer/close,Chinese,淡紫色
0,equal/far,Chinese,绿色
0,equal/far,Chinese,灰狼
0,equal/far,Chinese,蓝
0,closer/close,Chinese,紅紫色
0,closer/close,Chinese,紫色
0,equal/far,Chinese,灰黃色
0,equal/far,Chinese,绿色
0,equal/far,Chinese,绿色
0,closer/close,Chinese,蓝色
0,closer/close,Chinese,比較暗的
0,equal/far,Chinese,灰色
0,closer/close,Chinese,棕色
0,further/split,Chinese,棕色
0,further/split,Chinese,亮粉色
0,closer/close,Chinese,綠色草地上
0,equal/far,Chinese,綠色
0,closer/close,Chinese,紫色
0,closer/close,Chinese,红
0,equal/far,Chinese,灰色
0,further/split,Chinese,灰绿色
0,closer/close,Chinese,绿黄色
0,equal/far,Chinese,黄色
0,further/split,Chinese,蓝
0,further/split,Chinese,灰
0,further/split,Chinese,绿
0,closer/close,Chinese,紫色
0,equal/far,Chinese,绿
0,further/split,Chinese,绿
0,further/split,Chinese,顏色比較重的那個
0,further/split,Chinese,绿色
0,further/split,Chinese,亮粉色
0,further/split,Chinese,灰色
0,closer/close,Chinese,蓝灰色
0,equal/far,Chinese,棕紫色
0,equal/far,Chinese,棕紫色
0,further/split,Chinese,亮 蓝色
0,further/split,Chinese,灰色
0,equal/far,Chinese,蓝色
0,equal/far,Chinese,红 亮粉色
0,equal/far,Chinese,红粉色
0,closer/close,Chinese,粉色
0,further/split,Chinese,绿
1,closer/close,Chinese,淡紫色
1,closer/close,Chinese,淡紫色
0,equal/far,Chinese,蓝色
0,equal/far,Chinese,蓝色
0,further/split,Chinese,蓝色
0,closer/close,Chinese,淡绿色
0,equal/far,Chinese,蓝色.
0,equal/far,Chinese,灰色
0,equal/far,Chinese,红
0,equal/far,Chinese,蓝色
0,further/split,Chinese,亮绿色 
0,further/split,Chinese,淡绿色
0,equal/far,Chinese,蓝色
0,further/split,Chinese,紫色
0,equal/far,Chinese,紫色
0,closer/close,Chinese,灰色
0,closer/close,Chinese,淡蓝色
0,equal/far,Chinese,绿色 亮
0,further/split,Chinese,淡蓝色
0,equal/far,Chinese,蓝色
0,equal/far,Chinese,淡蓝色
0,closer/close,Chinese,紫色
0,further/split,Chinese,蓝色
0,equal/far,Chinese,浅褐色
0,further/split,Chinese,橙子
0,further/split,Chinese,绿色
0,equal/far,Chinese,橙子
1,further/split,Chinese,淡紫色
0,closer/close,Chinese,粉红色
1,closer/close,Chinese,淡紫色
1,closer/close,Chinese,淡紫色
1,closer/close,Chinese,淡紫色
1,closer/close,Chinese,淡紫色
0,further/split,Chinese,橙子色
0,closer/close,Chinese, 亮绿色 
0,further/split,Chinese,蓝色
0,further/split,Chinese,紫色
0,closer/close,Chinese,蓝紫色
0,equal/far,Chinese,红
0,further/split,Chinese,淡蓝色
0,equal/far,Chinese,淡蓝色
0,closer/close,Chinese,淡绿色
0,further/split,Chinese,蓝色
0,equal/far,Chinese,黄色
0,further/split,Chinese,黄色
0,equal/far,Chinese,紫色
1,closer/close,Chinese,淡紫色
0,closer/close,Chinese,黄色
0,further/split,Chinese,浅褐色
0,closer/close,Chinese,绿色
0,closer/close,Chinese,比較淺的綠色
0,closer/close,Chinese,淺紫色
0,equal/far,Chinese,綠色
0,equal/far,Chinese,淺紫色
0,further/split,Chinese,蓝色
0,equal/far,Chinese,蓝色
0,further/split,Chinese,比較淺的綠色
0,further/split,Chinese,粉紅色
0,equal/far,Chinese,蓝色
0,closer/close,Chinese,淺紫色
0,equal/far,Chinese,蓝色
0,further/split,Chinese,綠色
0,further/split,Chinese,綠色
0,closer/close,Chinese,綠色
0,further/split,Chinese,黃色
0,equal/far,Chinese,蓝色
0,equal/far,Chinese,灰色
0,equal/far,Chinese,比較淺的綠色
0,closer/close,Chinese,比較淺的綠色
0,further/split,Chinese,綠色
0,further/split,Chinese,淺紫色
0,further/split,Chinese,淺的綠色
0,closer/close,Chinese,淺紫色
0,closer/close,Chinese,淺的綠色
0,equal/far,Chinese,灰色
0,closer/close,Chinese,紅色
0,closer/close,Chinese,  哪一個都是紅的
0,closer/close,Chinese,最紅的那個
0,further/split,Chinese,紅
1,equal/far,Chinese,藍綠色
0,equal/far,Chinese,棕色
0,further/split,Chinese,紅粉色
0,closer/close,Chinese,灰色
0,further/split,Chinese,灰色
0,equal/far,Chinese,紫色
0,further/split,Chinese,蓝色
0,further/split,Chinese,灰色
0,closer/close,Chinese,綠色
0,closer/close,Chinese,蓝紫色
0,closer/close,Chinese,蓝色
0,closer/close,Chinese,灰色
0,closer/close,Chinese,棕色 橙色
0,closer/close,Chinese,橙色
0,equal/far,Chinese,綠色
0,equal/far,Chinese,蓝色
0,equal/far,Chinese,黃色
0,further/split,Chinese,綠色
0,further/split,Chinese,  黃灰色
0,equal/far,Chinese,紫色
0,equal/far,Chinese,蓝色
0,closer/close,Chinese,中紫色
0,further/split,Chinese,綠色
0,equal/far,Chinese,绿色
0,equal/far,Chinese,的颜色
0,equal/far,Chinese,藍色
0,equal/far,Chinese,你选那个色块
0,further/split,Chinese,？？？红色的阴天
1,equal/far,Chinese,赭石
