superlative,Condition,Language,Message
False,further/split,Chinese,hi
False,further/split,Chinese,接近地
False,further/split,Chinese,的颜色
False,further/split,Chinese,灰色？
False,equal/far,Chinese,？
False,further/split,Chinese,？
False,equal/far,Chinese,树的颜色
False,closer/close,Chinese,冷色
False,further/split,Chinese,草的颜色
False,equal/far,Chinese,肉桂
False,equal/far,Chinese,？
False,equal/far,Chinese,？
False,closer/close,Chinese,？
False,closer/close,Chinese,？
False,further/split,Chinese,？
False,further/split,Chinese,深色的血液
False,closer/close,Chinese,深海
False,further/split,Chinese,女士 高雅
False,equal/far,Chinese,龙
False,further/split,Chinese,土地
True,closer/close,Chinese,最深
False,further/split,Chinese,艳丽
False,further/split,Chinese,两种稍微深些
False,further/split,Chinese,暗些
False,equal/far,Chinese,土地
False,closer/close,Chinese,不同的
False,closer/close,Chinese,明亮
False,equal/far,Chinese,暗
False,closer/close,Chinese,两同色中暗些
False,closer/close,Chinese,深
False,equal/far,Chinese,暗些
False,equal/far,Chinese,大海
False,further/split,Chinese,中老年女
False,further/split,Chinese,土地
False,further/split,Chinese,明亮
False,closer/close,Chinese,暗色
False,equal/far,Chinese,基佬
False,further/split,Chinese,暗
False,closer/close,Chinese,暗
False,equal/far,Chinese,女士
False,further/split,Chinese,两色中明亮一些
False,equal/far,Chinese,大海
False,equal/far,Chinese,基佬
False,equal/far,Chinese,明亮
False,closer/close,Chinese,土地 深些
False,further/split,Chinese,中暗
False,closer/close,Chinese,暗色
False,equal/far,Chinese,女士
False,further/split,Chinese,两同色中暗些
False,further/split,Chinese,明亮树
False,closer/close,Chinese,树 暗些
False,closer/close,Chinese,土地
False,closer/close,Chinese,女士 明亮
False,further/split,Chinese,树 明亮些
False,equal/far,Chinese,天空
False,equal/far,Chinese,血液
False,closer/close,Chinese,大海
False,equal/far,Chinese,暗些
False,closer/close,Chinese,土地
False,equal/far,Chinese,橙子
True,closer/close,Chinese,最深
False,equal/far,Chinese,不是树，不是天空
False,equal/far,Chinese,浅海
False,further/split,Chinese,天空
False,further/split,Chinese,大海
True,closer/close,Chinese,最深的色
False,equal/far,Chinese,请描述。。。
False,equal/far,Chinese,仍然没看到任何描述。。。
False,closer/close,Chinese,演说者了解他/她的任务吗？
False,equal/far,Chinese,红色
False,further/split,Chinese,绿色
False,equal/far,Chinese,黄色
False,closer/close,Chinese,红绿灯的绿色
False,further/split,Chinese,红绿灯的绿色
False,equal/far,Chinese,红
False,further/split,Chinese,不是蓝色也不是粉红色的那个颜色
False,further/split,Chinese,猪肝色吗？
False,further/split,Chinese,哈哈是的
True,closer/close,Chinese,最接近黄色的那个
False,closer/close,Chinese,墨绿色
False,equal/far,Chinese,蓝色
False,further/split,Chinese,橙色
False,further/split,Chinese,不是紫色也不是灰色
True,closer/close,Chinese,最亮的红色
False,closer/close,Chinese,粉红色吗？
False,closer/close,Chinese,是的
False,equal/far,Chinese,灰色
False,further/split,Chinese,墨绿
False,further/split,Chinese,带青色或带蓝色？
False,further/split,Chinese,青色
False,equal/far,Chinese,深蓝色
False,further/split,Chinese,土黄色
False,further/split,Chinese,猪肝色
False,closer/close,Chinese,程度居中的绿色
False,further/split,Chinese,墨绿色
False,further/split,Chinese,土黄色
False,further/split,Chinese,黄色较浓吗？
False,further/split,Chinese,较淡
False,equal/far,Chinese,灰色
False,closer/close,Chinese,蓝灰色
False,equal/far,Chinese,墨绿色
False,closer/close,Chinese,紫色
False,closer/close,Chinese,带红色或带蓝色？
False,closer/close,Chinese,带蓝色
False,closer/close,Chinese,和上一题一样的颜色
False,further/split,Chinese,大红
False,further/split,Chinese,灰色
False,equal/far,Chinese,不是红色也不是蓝色
False,further/split,Chinese,墨绿色
False,equal/far,Chinese,灰色
False,closer/close,Chinese,猪肝
False,equal/far,Chinese,浅绿色
False,closer/close,Chinese,蓝绿色
False,closer/close,Chinese,蓝较多吗？
False,closer/close,Chinese,较少
False,further/split,Chinese,紫色
False,closer/close,Chinese,蓝色
False,equal/far,Chinese,黄色
False,equal/far,Chinese,绿色
True,closer/close,Chinese,黄色最少
False,further/split,Chinese,蓝色
False,equal/far,Chinese,红色
False,equal/far,Chinese,红色
False,further/split,Chinese,红色
False,closer/close,Chinese,黄
False,closer/close,Chinese,浅绿色
False,further/split,Chinese,蓝色
False,closer/close,Chinese,粉红
False,closer/close,Chinese,深一点的蓝色
False,further/split,Chinese,紫色
False,further/split,Chinese,灰绿色
False,equal/far,Chinese,灰色
False,equal/far,Chinese,绿色
False,closer/close,Chinese,灰黄色
False,equal/far,Chinese,紫色
False,closer/close,Chinese,暗粉色
False,closer/close,Chinese,亮
False,closer/close,Chinese,红色
False,further/split,Chinese,金黄色
False,closer/close,Chinese,暗粉色
False,closer/close,Chinese,暗粉红色吗
False,closer/close,Chinese,是
False,further/split,Chinese,黄色
False,further/split,Chinese,紫色
False,equal/far,Chinese,绿色
False,equal/far,Chinese,天蓝色
False,further/split,Chinese,浅绿色
False,further/split,Chinese,蓝紫色
False,closer/close,Chinese,绿色
False,equal/far,Chinese,绿色
False,closer/close,Chinese,黄灰色
False,equal/far,Chinese,紫色
False,further/split,Chinese,灰色
False,equal/far,Chinese,灰色
False,further/split,Chinese,土黄色
False,further/split,Chinese,重点是土吗？
False,further/split,Chinese,泥黄色
True,closer/close,Chinese,最亮的绿色
False,further/split,Chinese,红色
False,equal/far,Chinese,紫色
False,equal/far,Chinese,绿色
False,equal/far,Chinese,土黃色
False,further/split,Chinese,绿色
False,further/split,Chinese,天蓝色
False,further/split,Chinese,紫色
False,further/split,Chinese,金秋色
False,further/split,Chinese,秋天落叶吗？
False,further/split,Chinese,紫色
False,closer/close,Chinese,亮粉色
False,closer/close,Chinese,蓝色
False,equal/far,Chinese,绿色
False,closer/close,Chinese,粉蓝色
False,closer/close,Chinese,灰蓝色
False,closer/close,Chinese,黄绿色
False,equal/far,Chinese,灰色
False,equal/far,Chinese,黄色
False,closer/close,Chinese,灰黄色
False,closer/close,Chinese,亮绿色
False,further/split,Chinese,黄色
False,further/split,Chinese,灰色
False,closer/close,Chinese,深蓝色
False,closer/close,Chinese,黃色
False,equal/far,Chinese,灰色
False,equal/far,Chinese,灰色
False,further/split,Chinese,你好
False,further/split,Chinese,！
False,further/split,Chinese,你好！
False,further/split,Chinese,要选哪一个？
False,further/split,Chinese,淡粉色
False,further/split,Chinese,:D
False,further/split,Chinese,深棕色
False,equal/far,Chinese,浅绿色
False,further/split,Chinese,深灰色
False,closer/close,Chinese,蓝绿色
False,closer/close,Chinese,。。。。
False,closer/close,Chinese,哈
False,closer/close,Chinese,紫色
False,equal/far,Chinese,亮绿色
False,equal/far,Chinese,？
False,equal/far,Chinese,深绿色
False,equal/far,Chinese,。。。
False,equal/far,Chinese,看起来是蓝色吧
False,closer/close,Chinese,紫色
False,closer/close,Chinese,深的？
False,closer/close,Chinese,中间的
False,closer/close,Chinese,不是粉色
False,equal/far,Chinese,黄
False,equal/far,Chinese,lol
False,equal/far,Chinese,绿
False,equal/far,Chinese,粉
False,further/split,Chinese,深蓝
False,further/split,Chinese,亮蓝
False,closer/close,Chinese,哎呀
False,closer/close,Chinese,。。
False,closer/close,Chinese,深蓝
False,closer/close,Chinese,草绿
False,equal/far,Chinese,粉色
False,closer/close,Chinese,黄绿色
False,further/split,Chinese,粉色
False,equal/far,Chinese,亮蓝
False,further/split,Chinese,深灰色
False,equal/far,Chinese,深紫色
False,closer/close,Chinese,蓝色
False,equal/far,Chinese,墨绿
False,closer/close,Chinese,灰色
False,further/split,Chinese,红
False,equal/far,Chinese,接近皮肤颜色
False,further/split,Chinese,青草
False,closer/close,Chinese,浪漫的颜色
False,equal/far,Chinese,秋天的草色
False,further/split,Chinese,草色
False,further/split,Chinese,深色
False,closer/close,Chinese,浪漫的颜色
False,closer/close,Chinese,深色
False,further/split,Chinese,深色的夕阳
False,closer/close,Chinese,发芽的草色
False,equal/far,Chinese,血色
False,further/split,Chinese,深色
False,further/split,Chinese,快速键入
False,further/split,Chinese,深色
False,equal/far,Chinese,大海
False,further/split,Chinese,公主色
False,closer/close,Chinese,烂漫
False,equal/far,Chinese,青草
False,closer/close,Chinese,同上
False,further/split,Chinese,浪漫
False,further/split,Chinese,亮色
False,further/split,Chinese,深色
False,equal/far,Chinese,深色
False,further/split,Chinese,亮色
False,closer/close,Chinese,血色
False,equal/far,Chinese,深色
False,closer/close,Chinese,?
False,closer/close,Chinese,深色
False,further/split,Chinese,深色
False,closer/close,Chinese,烂漫
False,closer/close,Chinese,淡色
False,equal/far,Chinese,青草
False,equal/far,Chinese,中色
False,equal/far,Chinese,难看的颜色
False,equal/far,Chinese,浪漫
False,equal/far,Chinese,难看
False,further/split,Chinese,中色
False,closer/close,Chinese,中色
False,closer/close,Chinese,难看色
False,equal/far,Chinese,青草
False,equal/far,Chinese,?
False,equal/far,Chinese,深色
False,further/split,Chinese,烂漫
False,equal/far,Chinese,难看
False,equal/far,Chinese,浪漫
False,closer/close,Chinese,天的色
False,closer/close,Chinese,嫩草
False,further/split,Chinese,天的色
False,further/split,Chinese,深色
False,closer/close,Chinese,深色
False,closer/close,Chinese,深色
False,further/split,Chinese,深色
False,equal/far,Chinese,难看
False,equal/far,Chinese,慢行交通灯的颜色
True,equal/far,Chinese,荷兰足球队最常穿的颜色
False,further/split,Chinese,美国国旗上的一种颜色
True,closer/close,Chinese,颜色最亮的一个
False,closer/close,Chinese,不是紫色不是浅灰
False,equal/far,Chinese,不是深蓝不是浅蓝
False,equal/far,Chinese,灰色
True,closer/close,Chinese,最亮的绿色
False,further/split,Chinese,紫色
False,equal/far,Chinese,蓝色
False,equal/far,Chinese,蓝灰色吗？
False,equal/far,Chinese,天蓝色
False,further/split,Chinese,紫色
False,further/split,Chinese,深绿色
False,further/split,Chinese,草的颜色？
False,further/split,Chinese,是的
False,equal/far,Chinese,紫色
False,equal/far,Chinese,是粉色吗？
False,equal/far,Chinese,是的
False,further/split,Chinese,土黄色
False,equal/far,Chinese,不是蓝色不是粉色
False,equal/far,Chinese,蓝色
False,equal/far,Chinese,灰色
False,closer/close,Chinese,灰色。
True,closer/close,Chinese,最亮的绿色
False,closer/close,Chinese,紫色
False,equal/far,Chinese,灰色
False,equal/far,Chinese,紫色
True,closer/close,Chinese,不是最亮的绿色。第二亮的绿色
False,further/split,Chinese,颜色较深的绿色
False,further/split,Chinese,偏黄色？
False,further/split,Chinese,偏绿。不偏黄
False,further/split,Chinese,偏紫色
False,further/split,Chinese,蓝色？
False,further/split,Chinese,不是蓝色
False,further/split,Chinese,黄色？
False,further/split,Chinese,不是
False,further/split,Chinese,蓝色
False,further/split,Chinese,偏灰
False,further/split,Chinese,偏绿色？
False,further/split,Chinese,不偏绿
False,further/split,Chinese,比较暗的蓝色
False,closer/close,Chinese,亮度居中的绿色
False,further/split,Chinese,绿色
False,closer/close,Chinese,亮度居中的蓝色
False,closer/close,Chinese,偏灰色？
False,closer/close,Chinese,不是
True,further/split,Chinese,最亮的绿色
False,closer/close,Chinese,偏暗的蓝色， 不是紫色
False,closer/close,Chinese,深蓝色？
False,closer/close,Chinese,不是
False,closer/close,Chinese,浅蓝
False,closer/close,Chinese,深绿， 不偏黄
True,closer/close,Chinese,最亮的紫色
False,equal/far,Chinese,蓝色
False,further/split,Chinese,不是红色，不是亮绿色
False,further/split,Chinese,草绿色，偏亮
False,further/split,Chinese,绿色偏黄
False,further/split,Chinese,黄色？
False,further/split,Chinese,是的
False,closer/close,Chinese,浅蓝色
False,further/split,Chinese,灰色
False,equal/far,Chinese,紫色
False,equal/far,Chinese,紫色
False,equal/far,Chinese,绿色
False,equal/far,Chinese,草绿色？
False,equal/far,Chinese,是的
True,closer/close,Chinese,最亮的粉红
False,further/split,Chinese,粉红色，偏亮
False,equal/far,Chinese,绿色
False,equal/far,Chinese,灰色，不是蓝色，不是紫色
False,closer/close,Chinese,绿色偏淡蓝色
False,closer/close,Chinese,偏黄色？
False,closer/close,Chinese,不偏黄
False,further/split,Chinese,深绿色
False,closer/close,Chinese,绿色偏亮
False,further/split,Chinese,青草的颜色但较浅
False,closer/close,Chinese,我这边有三个都比较深的颜色
False,closer/close,Chinese,黑色？
False,closer/close,Chinese,要下雨时通常天空会？
False,closer/close,Chinese,深灰色?
False,closer/close,Chinese,再淡点？
False,further/split,Chinese,青草的颜色
False,further/split,Chinese,我这边有两个绿色，是不是更亮一点的那个?
False,further/split,Chinese,对
True,equal/far,Chinese,最亮的
False,closer/close,Chinese,较不同的
True,further/split,Chinese,最亮的
False,further/split,Chinese,比较接近女生的颜色
False,further/split,Chinese,绿色？
False,further/split,Chinese,不是
False,further/split,Chinese,另外两个都很像灰色
False,further/split,Chinese,是棕灰色？
False,further/split,Chinese,比较粉的
False,equal/far,Chinese,粉红和？
False,equal/far,Chinese,紫色
False,further/split,Chinese,不亮的
False,equal/far,Chinese,粉紫
False,equal/far,Chinese,黄
False,equal/far,Chinese,粉色
False,closer/close,Chinese,比较接近大地的
False,further/split,Chinese,不是亮的粉
False,closer/close,Chinese,偏蓝的绿
False,equal/far,Chinese,深蓝
False,equal/far,Chinese,大地
False,further/split,Chinese,亮粉
False,closer/close,Chinese,比较深的紫
False,closer/close,Chinese,不是偏粉的紫 不亮
False,further/split,Chinese,亮粉
False,closer/close,Chinese,灰色
False,closer/close,Chinese,不偏蓝
True,closer/close,Chinese,最沉的绿
False,further/split,Chinese,不偏粉的紫
False,closer/close,Chinese,绿色 不太棕
False,closer/close,Chinese,比较灰
False,equal/far,Chinese,灰色
False,equal/far,Chinese,亮粉
False,equal/far,Chinese,黄色
False,equal/far,Chinese,大地
False,further/split,Chinese,灰色
True,further/split,Chinese,最亮的
True,equal/far,Chinese,最亮的绿
False,further/split,Chinese,粉色
False,equal/far,Chinese,蓝色
False,closer/close,Chinese,三个中 排行第二亮的
False,equal/far,Chinese,绿色
False,further/split,Chinese,橙色 很橙的
False,equal/far,Chinese,紫色
False,closer/close,Chinese,浅粉色
False,further/split,Chinese,比较暗淡的绿
False,closer/close,Chinese,偏紫色 
False,closer/close,Chinese,偏粉红色
True,closer/close,Chinese,最普通彩盘中的亮青
False,further/split,Chinese,蓝色
True,closer/close,Chinese,不是最亮的 剩下两个中偏淡的
False,closer/close,Chinese,绿色
False,equal/far,Chinese,偏绿
True,closer/close,Chinese,不是最亮的 剩下两个中不偏淡的
False,further/split,Chinese,绿色
False,further/split,Chinese,亮蓝色
False,equal/far,Chinese,请问第一轮目标颜色是什么？
False,closer/close,Chinese,你好
False,closer/close,Chinese,你好
False,closer/close,Chinese,浅绿色
False,equal/far,Chinese,绿色
False,equal/far,Chinese,茄子
False,closer/close,Chinese,草
False,equal/far,Chinese,草的颜色
False,closer/close,Chinese,色泽鲜艳
False,further/split,Chinese,忍者龟
False,equal/far,Chinese,轻茄子
False,closer/close,Chinese,绿色但不太绿
False,further/split,Chinese,绿色但不太绿
False,further/split,Chinese,非常明亮，引起注意
False,closer/close,Chinese,明亮的紫色
False,closer/close,Chinese,老绿
False,equal/far,Chinese,灰蓝色
False,further/split,Chinese,浅绿色
False,further/split,Chinese,浅橙色
False,closer/close,Chinese,绿色
False,equal/far,Chinese,浅绿色灰色
False,equal/far,Chinese,紫色
False,further/split,Chinese,浅灰色
False,closer/close,Chinese,浅紫色
False,closer/close,Chinese,蓝色
False,further/split,Chinese,你好
False,further/split,Chinese,你好
False,further/split,Chinese,准备好了吗？
False,further/split,Chinese,好了
False,further/split,Chinese,草的颜色
False,equal/far,Chinese,这颜色不接近天，也不接近草
False,further/split,Chinese,接近草的颜色，但比较深
False,closer/close,Chinese,这有点难
False,closer/close,Chinese,颜色不接近草
False,closer/close,Chinese,颜色不接近天空
False,equal/far,Chinese,草的颜色
False,further/split,Chinese,我们通常叫什么外线?
False,further/split,Chinese,外线的颜色
False,closer/close,Chinese,比较深的外线颜色
False,further/split,Chinese,外线颜色
False,further/split,Chinese,比较光的外线颜色
False,further/split,Chinese,亮一点的草的颜色
False,equal/far,Chinese,不是草也不是太阳的颜色
False,equal/far,Chinese,不是天空也不是外线的颜色
False,equal/far,Chinese,太阳的颜色
True,further/split,Chinese,最接近草的颜色
False,further/split,Chinese,外线颜色
True,closer/close,Chinese,最浅的草的颜色
True,equal/far,Chinese,最接近太阳的颜色
True,further/split,Chinese,最接近草的颜色
False,closer/close,Chinese,粱美梦的颜色？
False,equal/far,Chinese,草的颜色
False,closer/close,Chinese,接近草的颜色，可是没那么绿
False,further/split,Chinese,亮的外线
False,further/split,Chinese,外线颜色
True,closer/close,Chinese,这里面最亮最深的颜色
False,equal/far,Chinese,天的颜色
False,further/split,Chinese,亮的草的颜色
False,closer/close,Chinese,土的颜色
True,closer/close,Chinese,最接近天的颜色
False,equal/far,Chinese,没那么亮的天的颜色
False,equal/far,Chinese,草的颜色
True,closer/close,Chinese,这里面颜色最中间
False,further/split,Chinese,不是天也不是图的颜色
False,further/split,Chinese,土
False,equal/far,Chinese,草的颜色
True,closer/close,Chinese,这里面颜色最深
False,equal/far,Chinese,草的颜色
False,equal/far,Chinese,浅的天空颜色
False,closer/close,Chinese,土的颜色
True,equal/far,Chinese,最接近太阳颜色
True,further/split,Chinese,最接近土的颜色
True,closer/close,Chinese,这里面最深的颜色
False,equal/far,Chinese,土的颜色
False,further/split,Chinese,亮的草的颜色
False,closer/close,Chinese,这里面亮度在中间
True,closer/close,Chinese,最接近天空的颜色
True,further/split,Chinese,最接近户的颜色
False,further/split,Chinese,湖
True,closer/close,Chinese,这里面颜色最浅
False,further/split,Chinese,深的草的颜色
False,equal/far,Chinese,土的颜色
True,closer/close,Chinese,这里面最亮的颜色
False,closer/close,Chinese,請描述？
False,closer/close,Chinese,开始了吗
False,closer/close,Chinese,开始了
False,closer/close,Chinese,这个颜色是天空的颜色
False,further/split,Chinese,这是皮肤颜色
False,closer/close,Chinese,这是有点红色的颜色
False,closer/close,Chinese,是深红吗
False,closer/close,Chinese,还是粉红？
False,closer/close,Chinese,深红
False,closer/close,Chinese,有点灰的浅绿色
False,equal/far,Chinese,紫色
False,further/split,Chinese,绿色
False,equal/far,Chinese,灰绿色
False,closer/close,Chinese,紫色
False,further/split,Chinese,灰色
False,further/split,Chinese,这是比较深色的那个绿色
False,further/split,Chinese,灰色
False,further/split,Chinese,算是灰色吧
False,equal/far,Chinese,神皇色
False,equal/far,Chinese,深黄色
False,closer/close,Chinese,绿色
False,further/split,Chinese,这个比较难
False,further/split,Chinese,比较浅色的紫色
False,further/split,Chinese,比较艳的绿色
False,equal/far,Chinese,浅粉红灰色
False,equal/far,Chinese,肉色
False,further/split,Chinese,艳的紫色
False,closer/close,Chinese,这里有三个绿色
False,closer/close,Chinese,一个艳绿色 和一个比较灰的绿色
False,closer/close,Chinese,是剩下的那个色
False,closer/close,Chinese,艳绿色
False,equal/far,Chinese,绿色
False,further/split,Chinese,紫色
False,closer/close,Chinese,比较蓝色的那个色
False,closer/close,Chinese,艳蓝色
False,closer/close,Chinese,艳紫色
False,equal/far,Chinese,黄色
False,further/split,Chinese,艳绿色
False,further/split,Chinese,有点粉红色的灰色
False,further/split,Chinese,浅橘色
False,closer/close,Chinese,艳绿色
False,further/split,Chinese,艳蓝色
False,further/split,Chinese,有点灰的绿色
False,equal/far,Chinese,灰色
False,further/split,Chinese,绿色
False,closer/close,Chinese,有点黄色的绿色
False,equal/far,Chinese,灰色
False,closer/close,Chinese,蓝色
False,equal/far,Chinese,蓝色
False,equal/far,Chinese,艳紫红色
False,further/split,Chinese,蓝色
False,equal/far,Chinese,黄色
False,closer/close,Chinese,比较有粉色的灰色
False,equal/far,Chinese,灰色
False,closer/close,Chinese,灰色
False,closer/close,Chinese,紫色
False,equal/far,Chinese,灰色
False,equal/far,Chinese,黄色
False,closer/close,Chinese,纯灰色
False,equal/far,Chinese,绿色
False,equal/far,Chinese,这是一个暖色调
False,equal/far,Chinese,这是一个接近天空的颜色
False,equal/far,Chinese,这是一个大多数女生都喜欢的可爱的颜色
False,equal/far,Chinese,这是一个接近秋冬枯草的颜色
False,equal/far,Chinese,军装的颜色
False,equal/far,Chinese,这是一个比天空蓝更深的颜色
True,closer/close,Chinese,这个颜色在你所看到的三个颜色里最亮
False,closer/close,Chinese,你会看到两种特别接近的大地色， 相比之下深一些的颜色是你应该选的
False,closer/close,Chinese,两种颜色相近的大地色， 选择有一些微黄的颜色
False,closer/close,Chinese,甚至泛着微绿
False,further/split,Chinese,这是一个红绿灯交通色，很亮
True,further/split,Chinese,最接近大地的土色
False,closer/close,Chinese,特别接近塑料绿的绿色
False,closer/close,Chinese,深又显亮
False,further/split,Chinese,一个比较正，标准的紫色， 
False,further/split,Chinese,深蓝色
False,closer/close,Chinese,橘色 比较秋季暖的感觉
False,equal/far,Chinese,灰蓝色
False,equal/far,Chinese,绿色
False,further/split,Chinese,比较鲜艳的绿色
False,further/split,Chinese,深绿色
False,further/split,Chinese,鲜艳
False,further/split,Chinese,灰色调的紫色
False,equal/far,Chinese,深粉色
False,further/split,Chinese,灰色
False,equal/far,Chinese,灰色调
False,closer/close,Chinese,深绿色， 不是亮绿！
False,further/split,Chinese,带点橘红色的橘色 
False,further/split,Chinese,两个橘色里深一些的那个
False,further/split,Chinese,泛红色的深橘色
False,closer/close,Chinese,灰色调的深蓝色
False,further/split,Chinese,亮橘色
False,further/split,Chinese,浅色橘
False,further/split,Chinese,亮！
False,further/split,Chinese,橙汁儿
False,closer/close,Chinese,粉色 浅色
True,closer/close,Chinese,最接近粉色的那个
False,closer/close,Chinese,你能更具体吗
False,further/split,Chinese,灰色调 绿色
True,further/split,Chinese,最土色
True,further/split,Chinese,最暗沉的
False,further/split,Chinese,棕色土色
False,further/split,Chinese,我的天 我的中文只有初中水平
False,further/split,Chinese,不是绿色， 也不是军绿色
False,further/split,Chinese,剩下的那个土色 棕色，就是了
False,further/split,Chinese,妖艳的紫粉色
False,further/split,Chinese,两个绿色，你要选的是那个有提亮的绿色
False,further/split,Chinese,不是灰暗的绿色
False,further/split,Chinese,像那个紫色一样亮的绿蓝色
False,closer/close,Chinese,灰土色 
False,closer/close,Chinese,不是任何一个接近绿色的颜色
False,closer/close,Chinese,土色，泛黄 泛绿
False,closer/close,Chinese,不是橘色 也不是那个带橘红的土色
False,closer/close,Chinese,冷色调一些
False,further/split,Chinese,绿色， 深绿
False,equal/far,Chinese,红色
False,equal/far,Chinese,土橘黄色
False,equal/far,Chinese,紫色
False,equal/far,Chinese,红色
False,further/split,Chinese,土色， 
False,further/split,Chinese,蓝色
False,further/split,Chinese,深蓝
False,closer/close,Chinese,粉色
False,equal/far,Chinese,粉色
False,equal/far,Chinese,粉红
False,closer/close,Chinese,土绿色
False,closer/close,Chinese,深紫色
False,closer/close,Chinese,深
False,closer/close,Chinese,紫色
False,closer/close,Chinese,任意一个土色
False,closer/close,Chinese,任意?
False,closer/close,Chinese,怎么描述这个都对不了
False,closer/close,Chinese,深一些
False,closer/close,Chinese,的
False,equal/far,Chinese,粉红
False,closer/close,Chinese,艳红
False,closer/close,Chinese,超级亮 红色
True,closer/close,Chinese,暗绿色 但不是最灰色的那个
False,equal/far,Chinese,灰色
False,further/split,Chinese,绿色但不太绿
False,further/split,Chinese,红色与浅紫色
False,further/split,Chinese,浅紫色
False,closer/close,Chinese,浅紫色
False,closer/close,Chinese,黑暗
False,equal/far,Chinese,绿色
False,equal/far,Chinese,灰绿色
False,closer/close,Chinese,紫色
False,closer/close,Chinese,明亮的紫色
False,closer/close,Chinese,橙子
False,further/split,Chinese,森林绿色
False,closer/close,Chinese,灰色
False,equal/far,Chinese,玫瑰紫色
False,further/split,Chinese,紫色
False,further/split,Chinese,黑暗
False,closer/close,Chinese,绿色
False,closer/close,Chinese,黑
False,closer/close,Chinese,森林绿色
False,equal/far,Chinese,紫色
False,closer/close,Chinese,灰色
False,equal/far,Chinese,棕色
False,closer/close,Chinese,浅绿色
False,closer/close,Chinese,透亮
False,further/split,Chinese,透亮绿色
False,equal/far,Chinese,橙子
False,closer/close,Chinese,绿
False,closer/close,Chinese,品绿
False,closer/close,Chinese,是
False,equal/far,Chinese,蓝色
False,further/split,Chinese,紫色
False,further/split,Chinese,蓝色
False,further/split,Chinese,蓝色
False,further/split,Chinese,紫色
False,further/split,Chinese,暗
False,equal/far,Chinese,红
False,closer/close,Chinese,绿色
False,closer/close,Chinese,亮
False,closer/close,Chinese,深绿色
False,equal/far,Chinese,紫色
False,closer/close,Chinese,蓝绿
False,closer/close,Chinese,深紫色
False,further/split,Chinese,深灰色
False,further/split,Chinese,亮蓝色
False,further/split,Chinese,深灰色
False,further/split,Chinese,深灰色
False,equal/far,Chinese,黄色
False,closer/close,Chinese,绿色
False,closer/close,Chinese,绿色
False,closer/close,Chinese,蓝
False,closer/close,Chinese,亮
False,equal/far,Chinese,灰色
False,closer/close,Chinese,灰
False,closer/close,Chinese,棕色
False,closer/close,Chinese,绿色
False,equal/far,Chinese,棕色
False,further/split,Chinese,叶子脱落的颜色
False,equal/far,Chinese,灰色
False,equal/far,Chinese,橙子
False,equal/far,Chinese,暗
False,equal/far,Chinese,灰色
False,further/split,Chinese,不是紫色和蓝色
False,equal/far,Chinese,黄绿色
False,equal/far,Chinese,蓝色
False,further/split,Chinese,爱
False,equal/far,Chinese,玫瑰
False,closer/close,Chinese,爱
False,equal/far,Chinese,明亮
False,equal/far,Chinese,草
False,equal/far,Chinese, 明亮
False,further/split,Chinese,亮
False,closer/close,Chinese,亮
False,further/split,Chinese,叶子
False,closer/close,Chinese,天空蓝
False,further/split,Chinese,蓝色
False,closer/close,Chinese,紫
False,closer/close,Chinese,天空蓝
False,equal/far,Chinese,黄色
False,further/split,Chinese,亮绿
False,equal/far,Chinese,深绿
False,closer/close,Chinese,深绿
False,further/split,Chinese,蓝
False,further/split,Chinese,灰
False,further/split,Chinese,紫
False,further/split,Chinese,亮蓝
False,closer/close,Chinese,土绿
False,closer/close,Chinese,深紫
False,equal/far,Chinese,蓝
False,further/split,Chinese,亮绿
False,equal/far,Chinese,灰色
False,further/split,Chinese,亮蓝
False,equal/far,Chinese,蓝
False,equal/far,Chinese,亮蓝
False,equal/far,Chinese,蓝
False,closer/close,Chinese,亮灰
False,closer/close,Chinese,蓝绿
False,equal/far,Chinese,蓝
False,closer/close,Chinese,次亮绿
False,equal/far,Chinese,红
False,further/split,Chinese,紫
False,further/split,Chinese,深蓝
False,equal/far,Chinese,蓝
False,further/split,Chinese,介于土色和绿色
False,further/split,Chinese,土色偏黄
False,further/split,Chinese,蓝
False,closer/close,Chinese,紫
False,equal/far,Chinese,粉红
False,closer/close,Chinese,蓝绿
False,equal/far,Chinese,蓝
False,further/split,Chinese,土紫
False,closer/close,Chinese,蓝绿色偏黄
False,equal/far,Chinese,绿
False,further/split,Chinese,亮绿
False,closer/close,Chinese,暗绿偏黄
False,equal/far,Chinese,绿
False,equal/far,Chinese,红
False,equal/far,Chinese,紫
False,closer/close,Chinese,灰蓝
False,further/split,Chinese,荧光蓝
False,closer/close,Chinese,深蓝
False,closer/close,Chinese,亮绿
False,closer/close,Chinese,灰
False,equal/far,Chinese,太阳
False,closer/close,Chinese,光
False,closer/close,Chinese,黑暗
False,closer/close,Chinese,砂
False,further/split,Chinese,黑暗
False,equal/far,Chinese,光
False,equal/far,Chinese,草
False,further/split,Chinese,亮
False,equal/far,Chinese,天空
False,equal/far,Chinese,树叶
False,further/split,Chinese,亮
False,closer/close,Chinese,少女的
False,equal/far,Chinese,你好
False,equal/far,Chinese,你好
False,equal/far,Chinese,不是蓝色和绿色
False,equal/far,Chinese,还在吗
False,equal/far,Chinese,在
False,equal/far,Chinese,选紫色
False,further/split,Chinese,选棕色
False,closer/close,Chinese,错了
False,closer/close,Chinese,请描述颜色
False,closer/close,Chinese,咖啡色
False,closer/close,Chinese,本轮都是绿色，没有咖啡色
False,closer/close,Chinese,是深绿色吗？
False,closer/close,Chinese,不好意思
False,closer/close,Chinese,翠绿色
False,equal/far,Chinese,灰色
False,closer/close,Chinese,嫩绿色
False,further/split,Chinese,蓝色
False,equal/far,Chinese,紫色
False,equal/far,Chinese,蓝色
False,closer/close,Chinese,红色
False,closer/close,Chinese,大红？
False,closer/close,Chinese,嗯
False,equal/far,Chinese,紫色
False,equal/far,Chinese,有微信吗？呵呵
False,equal/far,Chinese,有
False,equal/far,Chinese,加一下？
False,equal/far,Chinese,行
False,equal/far,Chinese,微信号？我加你
False,further/split,Chinese,翠绿
False,equal/far,Chinese,没收到微信号 重发一下
False,equal/far,Chinese,灰色
False,equal/far,Chinese,ling3-3
False,equal/far,Chinese,绿色
False,equal/far,Chinese,微信号不存在 你加我吧
False,equal/far,Chinese,alanwang_1988
False,equal/far,Chinese,绿色
False,further/split,Chinese,棕色
False,further/split,Chinese,偏黄色吗？
False,further/split,Chinese,偏红的
False,further/split,Chinese,紫色
False,closer/close,Chinese,嫩绿色
True,closer/close,Chinese,最亮的绿色？
False,closer/close,Chinese,中间色
False,equal/far,Chinese,紫红色？
False,further/split,Chinese,蓝色
False,further/split,Chinese,比较深的绿
False,equal/far,Chinese,蓝色
False,further/split,Chinese,蓝色
False,closer/close,Chinese,暗紫色？
False,closer/close,Chinese,深紫色
False,closer/close,Chinese,偏红的棕色
False,closer/close,Chinese,有两种偏红的棕色，是比较深还是比较浅的那个？
False,closer/close,Chinese,偏橙色的
False,equal/far,Chinese,灰色
False,closer/close,Chinese,较暗的绿色
False,further/split,Chinese,偏亮的绿色
False,closer/close,Chinese,蓝色
False,further/split,Chinese,紫红色
False,further/split,Chinese,偏红的
False,further/split,Chinese,棕色
False,further/split,Chinese,紫色
False,further/split,Chinese,绿色
False,equal/far,Chinese,灰色
False,equal/far,Chinese,紫色
False,equal/far,Chinese,绿色
False,closer/close,Chinese,蓝色
False,closer/close,Chinese,较深的嫩绿
False,further/split,Chinese,偏棕的黄
False,closer/close,Chinese,灰色
False,equal/far,Chinese,黄色
False,closer/close,Chinese,较灰的
False,closer/close,Chinese,宝蓝色
False,equal/far,Chinese,黄色
False,equal/far,Chinese,灰色
False,closer/close,Chinese,偏红的
False,closer/close,Chinese,枣红色？
False,closer/close,Chinese,紫色
False,closer/close,Chinese,偏红的
False,further/split,Chinese,偏暗的绿
False,further/split,Chinese,hi
False,further/split,Chinese,是什么颜色
False,further/split,Chinese,深绿
False,further/split,Chinese,亮绿
False,closer/close,Chinese,亮土黄
False,closer/close,Chinese,亮紫
False,closer/close,Chinese,厉害啊
False,closer/close,Chinese,紫
False,equal/far,Chinese,你也厉害啊
False,equal/far,Chinese,呵呵画家的女儿
False,equal/far,Chinese,深土色
False,further/split,Chinese,失敬失敬
False,further/split,Chinese,比较绿色的绿
False,equal/far,Chinese,偏棕色
False,equal/far,Chinese,紫
False,equal/far,Chinese,灰
False,equal/far,Chinese,黄
False,equal/far,Chinese,绿
False,further/split,Chinese,暗绿
False,equal/far,Chinese,蓝
False,further/split,Chinese,这个难。。。
False,further/split,Chinese,排除
False,further/split,Chinese,不是亮蓝
False,further/split,Chinese,不是灰蓝
False,closer/close,Chinese,厉害啊
False,closer/close,Chinese,开始难了
False,closer/close,Chinese,碘色
False,closer/close,Chinese,不认的
False,closer/close,Chinese,没到紫
False,closer/close,Chinese,介于蓝跟紫
False,further/split,Chinese,啊.
False,further/split,Chinese,一分钱没了 哈哈哈哈
False,further/split,Chinese,哈哈哈
False,further/split,Chinese,没关系
False,further/split,Chinese,灰蓝
False,closer/close,Chinese,哇。。。
False,closer/close,Chinese,有点发绿，特别棕，和黄棕色
False,closer/close,Chinese,不是那个绿
False,closer/close,Chinese,算特别棕吧。比较深色那个
False,equal/far,Chinese,默契啊。。。
False,equal/far,Chinese,感觉快到五十度灰色了。。。。。。。
False,equal/far,Chinese,红
False,further/split,Chinese,比较亮的绿
False,closer/close,Chinese,不是亮粉红
False,closer/close,Chinese,比较亮的紫
False,further/split,Chinese,蓝
False,closer/close,Chinese,偏桃红
False,equal/far,Chinese,蓝
False,further/split,Chinese,灰
False,further/split,Chinese,偏粉红
False,equal/far,Chinese,亮绿
True,closer/close,Chinese,最亮蓝
False,equal/far,Chinese,深蓝
False,closer/close,Chinese,有点接近荧光绿的亮绿
False,closer/close,Chinese,不是正绿色的那个
False,closer/close,Chinese,不是橄榄暗绿色的那个
False,closer/close,Chinese,比较不像叶子色
True,closer/close,Chinese,最浅的那个？
False,equal/far,Chinese,厉害厉害
False,equal/far,Chinese,红
False,equal/far,Chinese,紫
False,further/split,Chinese,土黄
False,equal/far,Chinese,蓝
False,further/split,Chinese,灰蓝
False,closer/close,Chinese,又是那个荧光绿
False,closer/close,Chinese,发蓝的那个
False,closer/close,Chinese,不是
False,further/split,Chinese,偏粉红紫
False,further/split,Chinese,亮的还是那个暗的
False,further/split,Chinese,亮的
False,closer/close,Chinese,蓝色
False,closer/close,Chinese,有点带土色的绿
False,further/split,Chinese,蓝色
False,closer/close,Chinese,紫色
False,further/split,Chinese,紫色
False,equal/far,Chinese,荧光绿
False,further/split,Chinese,亮的
False,further/split,Chinese,荧光粉红
False,further/split,Chinese,心有灵犀一点通
False,closer/close,Chinese,默契真好
False,closer/close,Chinese,灰紫色
False,closer/close,Chinese,粉色，灰粉色，大紫色
False,closer/close,Chinese,大紫色
False,closer/close,Chinese,亮紫色
True,further/split,Chinese,最亮的浅蓝色
False,equal/far,Chinese,暗紫色
False,closer/close,Chinese,灰色
False,closer/close,Chinese,哈哈哈哈
False,closer/close,Chinese,紫色
False,further/split,Chinese,两同色中较浅
False,equal/far,Chinese,水泥
False,closer/close,Chinese,基佬
False,closer/close,Chinese,天空
False,closer/close,Chinese,我有兩個都是天空的
False,closer/close,Chinese,明度高
False,closer/close,Chinese,暗淡
False,closer/close,Chinese,你的形容很好
False,closer/close,Chinese,俩类似中较明亮
False,further/split,Chinese,草地
False,closer/close,Chinese,折中
False,closer/close,Chinese,可否給多些提示
False,closer/close,Chinese,暗草地
False,further/split,Chinese,水泥
False,closer/close,Chinese,水泥
False,closer/close,Chinese,阴天
False,closer/close,Chinese,花
False,equal/far,Chinese,基佬
False,equal/far,Chinese,晴天
False,closer/close,Chinese,基佬
False,further/split,Chinese,明亮
False,equal/far,Chinese,明亮
False,further/split,Chinese,暗淡
False,equal/far,Chinese,基佬
False,closer/close,Chinese,我色盲了= =
False,closer/close,Chinese,稍等
False,closer/close,Chinese,是否有灰色…
False,closer/close,Chinese,有
False,closer/close,Chinese,还是水泥吧
False,closer/close,Chinese,較淺或較深?
False,closer/close,Chinese,偏暖
False,equal/far,Chinese,天
False,equal/far,Chinese,草地
False,further/split,Chinese,广场舞大妈
False,closer/close,Chinese,温暖
False,closer/close,Chinese,是否紅色多些?
False,closer/close,Chinese,是
False,further/split,Chinese,和刚才一样
False,further/split,Chinese,天?
False,further/split,Chinese,否
False,further/split,Chinese,草?
False,further/split,Chinese,否
False,further/split,Chinese,花
False,further/split,Chinese,鲜艳的
False,equal/far,Chinese,土
False,further/split,Chinese,明亮的草地
False,closer/close,Chinese,明亮的基佬
False,closer/close,Chinese,草地
False,further/split,Chinese,天
False,further/split,Chinese,兩個差不多啊
False,further/split,Chinese,更鲜艳的
False,closer/close,Chinese,折中
False,closer/close,Chinese,不对
False,equal/far,Chinese,草地
False,closer/close,Chinese,温暖
False,closer/close,Chinese,有否多些紅色
False,closer/close,Chinese,是
False,equal/far,Chinese,天
False,further/split,Chinese,不是草地 不是基佬
False,closer/close,Chinese,湖水
False,closer/close,Chinese,比较小清新
False,equal/far,Chinese,广场舞大妈
False,further/split,Chinese,小清新
True,closer/close,Chinese,最亮的
False,equal/far,Chinese,暗淡
False,equal/far,Chinese,的水泥
False,further/split,Chinese,花
False,equal/far,Chinese,明亮的湖水
False,equal/far,Chinese,基佬
False,further/split,Chinese,草地
False,equal/far,Chinese,草地
False,equal/far,Chinese,基佬
False,further/split,Chinese,暗淡的大妈
False,further/split,Chinese,哈哈
False,equal/far,Chinese,基佬
False,equal/far,Chinese,什么外线？
False,equal/far,Chinese,外线的颜色
False,closer/close,Chinese,土的颜色
False,closer/close,Chinese,沒有土的顏色啊
True,closer/close,Chinese,最接近土
True,closer/close,Chinese,最接近草的颜色
False,equal/far,Chinese,草的颜色
False,equal/far,Chinese,是天?
False,equal/far,Chinese,不是草的颜色
False,equal/far,Chinese,接近外线
False,equal/far,Chinese,有否帶灰?
False,equal/far,Chinese,但浅的
False,equal/far,Chinese,深或淺?
False,equal/far,Chinese,颜色不接近草根天空
False,closer/close,Chinese,接近天空
False,further/split,Chinese,是否草色?
False,further/split,Chinese,深或淺?
False,further/split,Chinese,浅一点
False,equal/far,Chinese,外线
False,equal/far,Chinese,有否土色?
False,equal/far,Chinese,没有
False,equal/far,Chinese,有否紅色?
False,equal/far,Chinese,也不是草的颜色
False,equal/far,Chinese,大媽色?
False,equal/far,Chinese,是
False,further/split,Chinese,有不土色?
False,further/split,Chinese,不是土色
False,further/split,Chinese,不是鲜艳的颜色
False,further/split,Chinese,不是草
False,further/split,Chinese,应该接近蓝
False,further/split,Chinese,草?
False,further/split,Chinese,带点灰
False,further/split,Chinese,多些紅?
False,further/split,Chinese,不是
False,further/split,Chinese,鲜艳的草色
True,closer/close,Chinese,最鲜艳的颜色
False,closer/close,Chinese,不是灰
False,closer/close,Chinese,可是接近灰
False,closer/close,Chinese,接近紫色
False,closer/close,Chinese,接近土
False,equal/far,Chinese,不是天
False,equal/far,Chinese,不是鲜艳的颜色
False,further/split,Chinese,鲜艳的草的颜色
True,further/split,Chinese,最接近红
True,closer/close,Chinese,最接近草
False,closer/close,Chinese,我看全是草色?
False,closer/close,Chinese,深或淺?
True,closer/close,Chinese,最鲜的草色
False,equal/far,Chinese,青
False,equal/far,Chinese,绿色
True,equal/far,Chinese,最鲜艳的草色
False,equal/far,Chinese,绿色
False,further/split,Chinese,太阳的颜色
False,equal/far,Chinese,粉色
False,closer/close,Chinese,不是灰
False,closer/close,Chinese,不是紫
False,equal/far,Chinese,鲜绿色
False,closer/close,Chinese,绿色
False,closer/close,Chinese,哪一个
False,closer/close,Chinese,暗
False,equal/far,Chinese,紫色
False,closer/close,Chinese,绿色
False,closer/close,Chinese,鲜
False,equal/far,Chinese,绿色
False,closer/close,Chinese,接近小小兵的颜色
False,closer/close,Chinese,兩個都不像小小兵
False,closer/close,Chinese,多些土色?
False,closer/close,Chinese,比较没有土
False,further/split,Chinese,鮮草?
False,further/split,Chinese,不鲜艳的草色
False,further/split,Chinese,紫色
False,further/split,Chinese,較灰的紫?
False,further/split,Chinese,不鲜艳，带点粉
False,further/split,Chinese,是
False,further/split,Chinese,較灰的紫?
False,further/split,Chinese,另外一个
False,equal/far,Chinese,草?
False,equal/far,Chinese,天?
False,equal/far,Chinese,是
False,equal/far,Chinese,草
True,closer/close,Chinese,最接近天
False,further/split,Chinese,草?土?灰?
False,further/split,Chinese,不灰不草
False,further/split,Chinese,蓝色有点灰色
True,closer/close,Chinese,最深
False,closer/close,Chinese,不带灰
False,equal/far,Chinese,棕色
True,equal/far,Chinese,最接近太阳的颜色
False,closer/close,Chinese,不是草
False,equal/far,Chinese,蓝色
False,further/split,Chinese,棕色
False,equal/far,Chinese,不是草
False,equal/far,Chinese,多些灰?
True,equal/far,Chinese,最接近紫
True,closer/close,Chinese,最鲜的绿
False,closer/close,Chinese,蓝色
False,closer/close,Chinese,不明亮
False,equal/far,Chinese,蓝色
False,closer/close,Chinese,不接近天
False,further/split,Chinese,鲜绿色
True,further/split,Chinese,最鲜
False,further/split,Chinese,的颜色
True,closer/close,Chinese,最灰的颜色
False,further/split,Chinese,灰色
False,further/split,Chinese,暗
False,equal/far,Chinese,不接近草
False,equal/far,Chinese,也不接近红
False,equal/far,Chinese,不是草
False,equal/far,Chinese,完全不带草的颜色
False,equal/far,Chinese,天?
False,equal/far,Chinese,也不是
False,closer/close,Chinese,紫色
False,further/split,Chinese,不接近草跟天
False,further/split,Chinese,灰?天?湖?
False,further/split,Chinese,不接近湖
False,closer/close,Chinese,較鮮?
False,closer/close,Chinese,不鲜
True,equal/far,Chinese,最接近天
False,further/split,Chinese,土?草?天?
False,further/split,Chinese,天
False,equal/far,Chinese,天?紫?土?
False,equal/far,Chinese,紫
False,further/split,Chinese,鮮紅?灰?淺紅?
False,further/split,Chinese,鲜红
False,further/split,Chinese,紫色有点蓝
False,equal/far,Chinese,不草也不红
False,closer/close,Chinese,浅紫色
False,equal/far,Chinese,不红也不草
False,equal/far,Chinese,粉色
False,equal/far,Chinese,紫色
False,further/split,Chinese,灰色
False,closer/close,Chinese,灰色
False,closer/close,Chinese,暗
False,equal/far,Chinese,棕色
False,further/split,Chinese,灰色
False,equal/far,Chinese,天蓝色
False,closer/close,Chinese,灰
False,closer/close,Chinese,鲜绿色
False,closer/close,Chinese,紫色
False,further/split,Chinese,绿色
False,further/split,Chinese,鲜绿色
False,further/split,Chinese,紫
False,further/split,Chinese,灰
False,equal/far,Chinese,鲜绿色
False,closer/close,Chinese,绿
False,closer/close,Chinese,黄
False,further/split,Chinese,绿色
False,further/split,Chinese,树色
False,further/split,Chinese,树的颜色
False,closer/close,Chinese,紫
False,further/split,Chinese,绿
False,equal/far,Chinese,玫瑰红
False,closer/close,Chinese,玫瑰红
False,further/split,Chinese,绿色
False,further/split,Chinese,暗
False,equal/far,Chinese,红
False,further/split,Chinese,绿
False,further/split,Chinese,红
False,further/split,Chinese,玫瑰
False,equal/far,Chinese,蓝
False,closer/close,Chinese,紫棕色
False,closer/close,Chinese,紫
False,closer/close,Chinese,粉
False,equal/far,Chinese,蓝色
False,further/split,Chinese,绿
False,further/split,Chinese,暗
False,closer/close,Chinese,暗绿色
False,closer/close,Chinese,你好
False,closer/close,Chinese,正灰色
False,closer/close,Chinese,你好
False,closer/close,Chinese,偏黄
False,closer/close,Chinese,啊知道了
True,further/split,Chinese,最亮最浅的蓝绿色
False,equal/far,Chinese,都对了吗
False,equal/far,Chinese,绿色
False,equal/far,Chinese,绿框就是对了~ 目前都对
False,equal/far,Chinese,哦哦 好的我们加油
False,equal/far,Chinese,绿色
False,further/split,Chinese,蓝
False,equal/far,Chinese,紫
False,equal/far,Chinese,棕色
False,equal/far,Chinese,你是大陆人吗
False,equal/far,Chinese,是
False,equal/far,Chinese,我不是 如果有地方不明白请见谅 哈哈哈
False,further/split,Chinese,紫色
True,further/split,Chinese,没关系，我会尽量用最极端最简单的方式描述颜色
False,further/split,Chinese,好的
False,closer/close,Chinese,亮绿
False,equal/far,Chinese,灰蓝
False,equal/far,Chinese,这玩意不错
False,equal/far,Chinese,你应该不是第一次把
False,equal/far,Chinese,嗯我上次是倾听者
False,equal/far,Chinese,玩好了他们还邀请你玩儿
False,equal/far,Chinese,还给奖金哈哈哈
False,equal/far,Chinese,哈哈哈哈 你是透过什么网站玩的
False,equal/far,Chinese,我就是用亚马逊的
False,equal/far,Chinese,偶尔上来看看做一些小任务
False,equal/far,Chinese,那我们都是一样的吧
False,equal/far,Chinese,灰色
False,further/split,Chinese,正紫色
False,equal/far,Chinese,绿色
False,closer/close,Chinese,亮荧光绿
False,further/split,Chinese,绿色
False,further/split,Chinese,猜对了哈哈哈
False,closer/close,Chinese,正紫色，不发粉，不发灰
False,closer/close,Chinese,这个难倒我了
False,closer/close,Chinese,==
False,closer/close,Chinese,如果你看紫色程度，中间的那个
False,closer/close,Chinese,对了哈哈哈哈
False,closer/close,Chinese,发灰的紫色
False,closer/close,Chinese,慢慢就有默契了
False,closer/close,Chinese,灰蓝色，不是正蓝
False,further/split,Chinese,绿色
True,closer/close,Chinese,最亮的绿
False,further/split,Chinese,粉色
False,further/split,Chinese,大粉色
False,equal/far,Chinese,绿色
False,equal/far,Chinese,也不知道他们研究这个要干嘛
False,equal/far,Chinese,斯坦福
False,equal/far,Chinese,好奇怪
False,equal/far,Chinese,肯定各种人工智能，和语言沟通有关
False,equal/far,Chinese,看见我们说有的没的烦死了哈哈哈哈
False,equal/far,Chinese,哈哈哈
False,equal/far,Chinese,大哥你怎么称呼
False,equal/far,Chinese,大姐~ 叫我小曼
False,equal/far,Chinese,啊对不起哈哈哈
False,equal/far,Chinese,突然忘了女孩也上网
False,equal/far,Chinese,木关系
False,equal/far,Chinese,你干这个岛什么时候
False,equal/far,Chinese,到
False,equal/far,Chinese,啥
False,equal/far,Chinese,这个游戏
False,equal/far,Chinese,还是亚马逊
False,equal/far,Chinese,这个游戏还能继续玩的是吧
False,equal/far,Chinese,是啊
False,equal/far,Chinese,其实很快的吧我们就一直玩吧哈哈哈
False,equal/far,Chinese,2美金
False,equal/far,Chinese,玩完你就得等他们发工资，然后再来玩儿
False,equal/far,Chinese,好像是
False,equal/far,Chinese,我昨天玩儿的
False,equal/far,Chinese,哦必须等吗
False,equal/far,Chinese,不知道啊
False,equal/far,Chinese,先玩完这一次再说吧
False,equal/far,Chinese,能加你微信吗
False,equal/far,Chinese,nitewings-ita
False,equal/far,Chinese,不要报希望，不是美女哈哈哈哈
False,equal/far,Chinese,大美女说啥
False,equal/far,Chinese,广东深圳是吧
False,equal/far,Chinese,嗯
False,further/split,Chinese,暗紫色
False,equal/far,Chinese,暗紫色
False,further/split,Chinese,啊错了
False,further/split,Chinese,绿色
False,further/split,Chinese,刚才掉线了
False,closer/close,Chinese,灰色
False,equal/far,Chinese,棕色
False,further/split,Chinese,粉红色
False,further/split,Chinese,发现我中文也很不错
False,closer/close,Chinese,才说
False,closer/close,Chinese,哈哈哈
False,closer/close,Chinese,我的妈呀
False,closer/close,Chinese,粉色
False,closer/close,Chinese,发粉的那个
False,closer/close,Chinese,棕色
False,equal/far,Chinese,蓝
False,equal/far,Chinese,蓝
False,further/split,Chinese,土黄色
False,further/split,Chinese,蓝
False,further/split,Chinese,灰粉色
False,equal/far,Chinese,蓝色
False,closer/close,Chinese,占了灰的粉色
False,closer/close,Chinese,灰粉色
True,closer/close,Chinese,橙色，不是最亮的黄，也不是偏土黄色
False,closer/close,Chinese,是吧
False,closer/close,Chinese,对哈哈哈
False,equal/far,Chinese,我才错了。。
False,equal/far,Chinese,就是看起来比较暗淡的那种
False,equal/far,Chinese,绿色
False,equal/far,Chinese,没关系，才一分钱
False,equal/far,Chinese,呵呵
False,equal/far,Chinese,呵呵
False,equal/far,Chinese,美金兑换多少人民币呢
False,equal/far,Chinese,6分人民币
False,equal/far,Chinese,哈哈哈 同样不值钱
False,equal/far,Chinese,就乘以6
False,equal/far,Chinese,对
False,further/split,Chinese,蓝色
False,closer/close,Chinese,灰色
False,closer/close,Chinese,正灰色
False,closer/close,Chinese,褐色偏粉
False,equal/far,Chinese,灰蓝色
False,closer/close,Chinese,红色
False,further/split,Chinese,橄榄绿
False,equal/far,Chinese,灰色
False,equal/far,Chinese,紫色
False,further/split,Chinese,正紫色
False,closer/close,Chinese,你好
False,closer/close,Chinese,有人在吗？
False,closer/close,Chinese,是的
True,closer/close,Chinese,最接近红
False,further/split,Chinese,不那么鲜艳的天空色
True,equal/far,Chinese,最接近天空颜色
False,further/split,Chinese,不是蓝
False,further/split,Chinese,有两个不是蓝
False,further/split,Chinese,比较深的草色
False,closer/close,Chinese,oops
False,closer/close,Chinese,比较灰的紫色
False,equal/far,Chinese,紫色
True,further/split,Chinese,最接近草的颜色
False,closer/close,Chinese,鲜艳的橘子颜色
False,equal/far,Chinese,橘子颜色
True,equal/far,Chinese,最接近草的颜色
False,further/split,Chinese,鲜艳的桃色
False,further/split,Chinese,比较红的吗？
False,further/split,Chinese,接近红
False,further/split,Chinese,比较灰的蓝色
True,closer/close,Chinese,最接近土壤的颜色
False,closer/close,Chinese,不带绿
True,further/split,Chinese,最接近红色
False,closer/close,Chinese,带点灰的紫色
False,equal/far,Chinese,不是蓝也不是红
False,equal/far,Chinese,可以直接说紫色吧？
False,further/split,Chinese,带点灰的蓝？
False,further/split,Chinese,总之不是橘色，也不是绿色
True,equal/far,Chinese,最接近红色
False,equal/far,Chinese,棕色？
False,equal/far,Chinese,是
False,equal/far,Chinese,草的颜色
True,closer/close,Chinese,最接近黄色
False,equal/far,Chinese,天空色
True,equal/far,Chinese,最接近草的颜色
True,further/split,Chinese,最接近黄色
True,equal/far,Chinese,最接近黄色
False,further/split,Chinese,鲜艳的橘色
False,closer/close,Chinese,你好棒
False,closer/close,Chinese,这轮很难
False,closer/close,Chinese,是的
True,closer/close,Chinese,最没有带灰的紫色
False,equal/far,Chinese,紫色
False,equal/far,Chinese,好棒！
True,further/split,Chinese,最接近蓝色
False,further/split,Chinese,绿色
False,further/split,Chinese, 哇Lakers
False,further/split,Chinese,哈哈
True,further/split,Chinese,最深的紫色，不那么鲜艳的那个
False,equal/far,Chinese,明亮的天空
True,closer/close,Chinese,最粉的红色，不鲜艳，也没那么红
False,closer/close,Chinese,是比较暗的吗？
False,closer/close,Chinese,是的
False,closer/close,Chinese,比较深的蓝色
False,closer/close,Chinese,不那么暗的紫色
False,closer/close,Chinese,暗一点的红色，别混乱紫色噢
False,closer/close,Chinese,我喜欢你
True,closer/close,Chinese,最接近蓝色，不是紫色
False,further/split,Chinese,暗的紫色
False,equal/far,Chinese,橘色
False,equal/far,Chinese,红色
False,equal/far,Chinese,灰色
False,equal/far,Chinese,你喜不喜欢我
True,closer/close,Chinese,最接近红色
False,closer/close,Chinese,灰色
False,further/split,Chinese,紫色，不接近红的版本
False,equal/far,Chinese,橘色
False,further/split,Chinese,红色
True,closer/close,Chinese,最灰的紫色
False,further/split,Chinese,跟上轮一样的颜色
False,equal/far,Chinese,快好了
False,equal/far,Chinese,鲜草色
False,equal/far,Chinese,^_^
False,closer/close,Chinese,黄色
True,closer/close,Chinese,最暗的红色？
False,closer/close,Chinese,有点像土色吗？
False,closer/close,Chinese,对的
False,closer/close,Chinese,谢谢
False,closer/close,Chinese,紫色 不带粉红
False,closer/close,Chinese,较深
False,equal/far,Chinese,蓝色
False,closer/close,Chinese,较深的灰色
False,further/split,Chinese,较亮的紫色
False,further/split,Chinese,青色
False,equal/far,Chinese,蓝
False,further/split,Chinese,绿草青
False,further/split,Chinese,不太亮
False,further/split,Chinese,你也可以问我问题噢
False,further/split,Chinese,更具体一点点
False,further/split,Chinese,普通的绿 不是比较带蓝的
False,closer/close,Chinese,不是灰 比较黯淡的蓝
False,further/split,Chinese,深蓝
False,further/split,Chinese,深蓝
False,equal/far,Chinese,灰紫
False,equal/far,Chinese,紫
False,further/split,Chinese,灰
False,closer/close,Chinese,粉红
False,further/split,Chinese,蓝
True,closer/close,Chinese,不是最浅的 带点蓝
False,further/split,Chinese,亮青
False,further/split,Chinese,不带灰
False,closer/close,Chinese,蓝
False,equal/far,Chinese,浅蓝
False,closer/close,Chinese,灰
False,further/split,Chinese,土黄
False,further/split,Chinese,蓝
False,further/split,Chinese,蓝
False,closer/close,Chinese,不是灰
False,closer/close,Chinese,不是青
False,equal/far,Chinese,灰蓝
False,closer/close,Chinese,粉红
True,further/split,Chinese,不是最深的蓝
False,further/split,Chinese,是浅灰蓝
False,closer/close,Chinese,蓝
True,closer/close,Chinese,不是最浅
True,closer/close,Chinese,不是最深
False,equal/far,Chinese,灰
False,equal/far,Chinese,自
False,equal/far,Chinese,紫
False,equal/far,Chinese,灰
False,equal/far,Chinese,橙
False,further/split,Chinese,紫
False,equal/far,Chinese,青
False,closer/close,Chinese,灰紫
True,closer/close,Chinese,最黯淡的
True,closer/close,Chinese,不是最亮也不傻最黯淡的
False,equal/far,Chinese,紫
False,closer/close,Chinese,灰紫
False,closer/close,Chinese,带较多灰
False,closer/close,Chinese,不带粉
False,equal/far,Chinese,青
False,further/split,Chinese,黄
False,equal/far,Chinese,蓝
False,further/split,Chinese,带灰的青
False,closer/close,Chinese,普通的紫
False,closer/close,Chinese,不带蓝
False,further/split,Chinese,比较暗淡的青
False,closer/close,Chinese,亮紫 不带灰
False,equal/far,Chinese,较深蓝
False,equal/far,Chinese,灰
False,further/split,Chinese,不带粉底紫
False,further/split,Chinese,的×
False,further/split,Chinese,不带粉的紫
False,further/split,Chinese,不明白
False,closer/close,Chinese,可以开始了吗？
False,closer/close,Chinese,蓝色
False,equal/far,Chinese,赶快
False,equal/far,Chinese,绿色
False,closer/close,Chinese,绿色
False,closer/close,Chinese,亮还是暗
False,closer/close,Chinese, 亮
False,closer/close,Chinese, 亮绿色
False,closer/close,Chinese,偏灰、绿、蓝
False,closer/close,Chinese,绿
False,closer/close,Chinese,蓝
False,closer/close,Chinese,偏灰、蓝、紫
False,closer/close,Chinese,蓝
False,closer/close,Chinese,粉
False,closer/close,Chinese,偏黄、紫、粉红
False,closer/close,Chinese,粉红
False,closer/close,Chinese,绿
False,equal/far,Chinese,灰色
False,closer/close,Chinese,绿
False,closer/close,Chinese,都是绿，说具体点
False,closer/close,Chinese,不光
False,equal/far,Chinese,橙子
False,further/split,Chinese,紫色
False,equal/far,Chinese,绿色
False,equal/far,Chinese,亮
False,further/split,Chinese,橙
False,closer/close,Chinese,绿
False,closer/close,Chinese,亮度
False,closer/close,Chinese,草
False,further/split,Chinese,紫
False,further/split,Chinese,两个
False,further/split,Chinese,偏土？
False,further/split,Chinese,亮
False,further/split,Chinese,麻烦直接说亮紫
False,further/split,Chinese,不是紫色
False,further/split,Chinese,不是灰色
False,further/split,Chinese,暗灰亮灰？
False,further/split,Chinese,亮灰
False,further/split,Chinese,棕色
False,further/split,Chinese,蓝色
False,further/split,Chinese, 亮
False,further/split,Chinese,浅蓝？
False,further/split,Chinese,蓝
False,equal/far,Chinese,麻烦别分心
False,equal/far,Chinese,紫色
False,further/split,Chinese,紫色
False,equal/far,Chinese,灰色
False,equal/far,Chinese,紫色
False,equal/far,Chinese,灰
False,equal/far,Chinese,哪有灰
False,equal/far,Chinese,紅紫色
False,closer/close,Chinese,淡紫色
False,equal/far,Chinese,橙色
False,closer/close,Chinese,灰色
False,equal/far,Chinese,灰色
False,equal/far,Chinese,天藍色
False,equal/far,Chinese,黃色
False,closer/close,Chinese,藍色
False,further/split,Chinese,紅紫色
False,closer/close,Chinese,有點土的金色
False,further/split,Chinese,淡紫色
False,closer/close,Chinese,绿色
False,closer/close,Chinese,紫色不是很亮
False,equal/far,Chinese,灰色
False,further/split,Chinese,紫色
False,further/split,Chinese,黃色
False,equal/far,Chinese,天藍色
False,further/split,Chinese,藍色比較暗
False,further/split,Chinese,紅紫色
False,closer/close,Chinese,紅紫色
False,further/split,Chinese,黃色
False,further/split,Chinese,藍色比較暗
False,equal/far,Chinese,紅紫色
True,closer/close,Chinese,最暗的那個
False,equal/far,Chinese,橙色
False,further/split,Chinese,綠藍色
False,closer/close,Chinese,你好
False,closer/close,Chinese,你好你好你好
False,closer/close,Chinese,你好～～～～～～～～～～～～～
False,equal/far,Chinese,Green
False,equal/far,Chinese,你好！
False,equal/far,Chinese,请用中文
False,closer/close,Chinese,?
False,closer/close,Chinese,好
False,closer/close,Chinese,好的。哪一个？
False,closer/close,Chinese,.-.?
False,closer/close,Chinese,( •_•)O*¯`·.¸.·´¯`°Q(•_• )
False,closer/close,Chinese,选择粉色
False,equal/far,Chinese,都是粉色吧
False,equal/far,Chinese,选择绿色
False,equal/far,Chinese,有两个绿色，哪一个？
False,equal/far,Chinese,黑暗
False,closer/close,Chinese,选择粉色
False,closer/close,Chinese,三个都是粉色。。。？
False,closer/close,Chinese,紫色
False,closer/close,Chinese,啊。。深的还是浅的
False,closer/close,Chinese,第一
False,closer/close,Chinese,排列不是跟你的不同吗？
False,closer/close,Chinese,是不是比较灰的紫色？
False,closer/close,Chinese,黑暗
False,further/split,Chinese,啊。。
False,further/split,Chinese,黄色
False,further/split,Chinese,？？？
False,further/split,Chinese,绿色
False,equal/far,Chinese,上个目标是蓝色，为什么说了绿色？
False,equal/far,Chinese,红
False,equal/far,Chinese,那次也是。。
False,equal/far,Chinese,蓝色
False,closer/close,Chinese,绿色
False,further/split,Chinese,蓝色
False,further/split,Chinese,上个颜色肯定不是绿色
False,equal/far,Chinese,又来了
False,equal/far,Chinese,蓝色
False,closer/close,Chinese,鹦鹉绿
False,closer/close,Chinese,鹦鹉。。。？
False,closer/close,Chinese,这是什么意思
False,closer/close,Chinese,深绿色
False,closer/close,Chinese,红
False,closer/close,Chinese,哪一个红？
False,closer/close,Chinese,黑暗
False,closer/close,Chinese,紫色
False,further/split,Chinese,棕色
False,further/split,Chinese,:(
False,further/split,Chinese,:c
False,further/split,Chinese,绿色
False,closer/close,Chinese,:(((((
False,closer/close,Chinese,蓝色
False,closer/close,Chinese,are you an english speaker?
False,closer/close,Chinese,深绿色
False,further/split,Chinese,粉
False,closer/close,Chinese,你是描述带着黑框的颜色吗？
False,closer/close,Chinese,浅粉红色
False,closer/close,Chinese,深绿色
False,further/split,Chinese,绿色
False,equal/far,Chinese,绿色
False,equal/far,Chinese,绿色
False,equal/far,Chinese,诶，你在做什么？目标颜不是绿色，是红色
False,equal/far,Chinese,绿色
False,equal/far,Chinese,诶，你听懂我吗
False,closer/close,Chinese,深绿色
False,further/split,Chinese,绿色
False,equal/far,Chinese,黄色
False,closer/close,Chinese,深绿色
False,equal/far,Chinese,深绿色
False,equal/far,Chinese,绿色
False,further/split,Chinese,绿色
False,further/split,Chinese,黄色
False,equal/far,Chinese,绿色
False,equal/far,Chinese,绿色
False,further/split,Chinese,绿色
False,further/split,Chinese,粉
False,equal/far,Chinese,蓝色
False,equal/far,Chinese,蓝色
False,equal/far,Chinese,蓝色
False,closer/close,Chinese,蓝色
False,closer/close,Chinese,蓝色
False,further/split,Chinese,灰色
False,equal/far,Chinese,蓝色
False,equal/far,Chinese,粉
False,further/split,Chinese,灰色
False,further/split,Chinese,灰色
False,further/split,Chinese,深绿色
False,further/split,Chinese,灰色
False,further/split,Chinese,紫色
False,closer/close,Chinese,紫色
False,equal/far,Chinese,绿色
False,equal/far,Chinese,黄色
False,equal/far,Chinese,黄色
False,closer/close,Chinese,紫色
False,further/split,Chinese,蓝色
False,closer/close,Chinese,蓝色
False,closer/close,Chinese,灰色
False,closer/close,Chinese,灰色
False,closer/close,Chinese,棕色
False,closer/close,Chinese,深蓝
False,equal/far,Chinese,深蓝
False,closer/close,Chinese,深灰色
False,further/split,Chinese,深灰色
False,closer/close,Chinese,棕色
False,further/split,Chinese,紫色
False,equal/far,Chinese,黄色
False,further/split,Chinese,灰色
False,closer/close,Chinese,深绿色
False,further/split,Chinese,黄色
False,equal/far,Chinese,粉
False,closer/close,Chinese,淡黄色
False,equal/far,Chinese,绿色
False,closer/close,Chinese,紫色
False,closer/close,Chinese,深绿色
False,equal/far,Chinese,灰色
False,further/split,Chinese,棕色
False,further/split,Chinese,灰黃色
False,closer/close,Chinese,粉紫色 
False,equal/far,Chinese,绿色
False,further/split,Chinese,绿色
True,further/split,Chinese,最亮的那一個
False,closer/close,Chinese,灰色
False,further/split,Chinese,灰色
False,further/split,Chinese,有點綠
False,further/split,Chinese,棕色
False,closer/close,Chinese,紫色
False,closer/close,Chinese,都是紫色那一個
False,closer/close,Chinese,比較土的那一個
False,equal/far,Chinese,灰色
False,closer/close,Chinese,淡紫色
False,equal/far,Chinese,绿色
False,equal/far,Chinese,很鮮艷
False,equal/far,Chinese,灰狼
False,equal/far,Chinese,蓝
False,closer/close,Chinese,紅紫色
False,closer/close,Chinese,紫色
False,equal/far,Chinese,灰黃色
False,equal/far,Chinese,绿色
False,equal/far,Chinese,绿色
False,closer/close,Chinese,蓝色
False,closer/close,Chinese,比較暗的
False,equal/far,Chinese,灰色
False,closer/close,Chinese,棕色
False,further/split,Chinese,棕色
False,further/split,Chinese,亮粉色
False,closer/close,Chinese,綠色草地上
False,equal/far,Chinese,綠色
False,closer/close,Chinese,紫色
False,closer/close,Chinese,亮
False,closer/close,Chinese,红
False,equal/far,Chinese,灰色
False,further/split,Chinese,灰绿色
False,closer/close,Chinese,绿黄色
False,equal/far,Chinese,黄色
False,further/split,Chinese,蓝
False,further/split,Chinese,灰
False,further/split,Chinese,绿
False,closer/close,Chinese,紫色
False,equal/far,Chinese,绿
False,further/split,Chinese,绿
False,further/split,Chinese,有兩個那一個
False,further/split,Chinese,顏色比較重的那個
False,further/split,Chinese,绿色
False,further/split,Chinese,很鮮艷
False,further/split,Chinese,亮粉色
False,further/split,Chinese,灰色
True,closer/close,Chinese,最淡得那個
False,closer/close,Chinese,蓝灰色
True,closer/close,Chinese,最淡得那個
False,equal/far,Chinese,棕紫色
False,equal/far,Chinese,棕紫色
False,further/split,Chinese,亮 蓝色
False,further/split,Chinese,灰色
False,equal/far,Chinese,蓝色
False,equal/far,Chinese,红 亮粉色
False,equal/far,Chinese,红粉色
False,closer/close,Chinese,粉色
False,further/split,Chinese,绿
False,closer/close,Chinese,淡紫色
False,closer/close,Chinese,淡紫色
False,equal/far,Chinese,蓝色
False,equal/far,Chinese,蓝色
False,further/split,Chinese,蓝色
False,closer/close,Chinese,淡绿色
False,equal/far,Chinese,蓝色.
False,equal/far,Chinese,灰色
False,equal/far,Chinese,红
False,equal/far,Chinese,蓝色
False,further/split,Chinese,亮绿色 
False,further/split,Chinese,淡绿色
False,equal/far,Chinese,蓝色
False,further/split,Chinese,紫色
False,equal/far,Chinese,紫色
False,closer/close,Chinese,灰色
False,closer/close,Chinese,淡蓝色
False,equal/far,Chinese,绿色 亮
False,further/split,Chinese,淡蓝色
False,equal/far,Chinese,蓝色
False,equal/far,Chinese,淡蓝色
False,closer/close,Chinese,紫色
False,further/split,Chinese,蓝色
False,equal/far,Chinese,浅褐色
False,further/split,Chinese,橙子
False,further/split,Chinese,绿色
False,equal/far,Chinese,橙子
False,further/split,Chinese,淡紫色
False,closer/close,Chinese,粉红色
False,closer/close,Chinese,淡紫色
False,closer/close,Chinese,淡紫色
False,closer/close,Chinese,淡紫色
False,closer/close,Chinese,淡紫色
False,further/split,Chinese,橙子色
False,closer/close,Chinese, 亮绿色 
False,further/split,Chinese,蓝色
False,further/split,Chinese,紫色
False,closer/close,Chinese,蓝紫色
False,equal/far,Chinese,红
False,further/split,Chinese,淡蓝色
False,equal/far,Chinese,淡蓝色
False,closer/close,Chinese,淡绿色
False,further/split,Chinese,蓝色
False,equal/far,Chinese,黄色
False,further/split,Chinese,黄色
False,equal/far,Chinese,紫色
False,closer/close,Chinese,淡紫色
False,closer/close,Chinese,黄色
False,further/split,Chinese,浅褐色
False,closer/close,Chinese,绿色
False,closer/close,Chinese,比較淺的綠色
False,closer/close,Chinese,淺紫色
False,equal/far,Chinese,綠色
False,equal/far,Chinese,淺紫色
False,further/split,Chinese,蓝色
False,equal/far,Chinese,蓝色
False,further/split,Chinese,比較淺的綠色
False,further/split,Chinese,粉紅色
False,equal/far,Chinese,蓝色
False,closer/close,Chinese,淺紫色
False,equal/far,Chinese,蓝色
False,further/split,Chinese,綠色
False,further/split,Chinese,綠色
False,closer/close,Chinese,綠色
False,further/split,Chinese,黃色
False,equal/far,Chinese,蓝色
False,equal/far,Chinese,灰色
False,equal/far,Chinese,比較淺的綠色
False,closer/close,Chinese,比較淺的綠色
False,further/split,Chinese,綠色
False,further/split,Chinese,淺紫色
False,further/split,Chinese,淺的綠色
False,closer/close,Chinese,淺紫色
False,closer/close,Chinese,淺的綠色
False,equal/far,Chinese,灰色
False,closer/close,Chinese,紅色
False,closer/close,Chinese,  哪一個都是紅的
True,closer/close,Chinese,最紅的那個
False,further/split,Chinese,紅
False,equal/far,Chinese,藍綠色
False,equal/far,Chinese,棕色
True,closer/close,Chinese,最淡的那個
False,further/split,Chinese,紅粉色
False,closer/close,Chinese,灰色
False,further/split,Chinese,灰色
False,equal/far,Chinese,紫色
False,further/split,Chinese,蓝色
False,further/split,Chinese,灰色
False,closer/close,Chinese,綠色
False,closer/close,Chinese,蓝紫色
False,closer/close,Chinese,蓝色
False,closer/close,Chinese,灰色
False,closer/close,Chinese,棕色 橙色
False,closer/close,Chinese,橙色
True,closer/close,Chinese,最淡的那個
False,equal/far,Chinese,綠色
False,equal/far,Chinese,蓝色
False,equal/far,Chinese,黃色
False,further/split,Chinese,綠色
False,further/split,Chinese,  黃灰色
False,equal/far,Chinese,紫色
False,equal/far,Chinese,蓝色
False,closer/close,Chinese,中紫色
False,further/split,Chinese,綠色
False,further/split,Chinese,?
False,equal/far,Chinese,绿色
False,equal/far,Chinese,啊 来了
False,equal/far,Chinese,基佬
False,equal/far,Chinese,的颜色
False,equal/far,Chinese,天
False,equal/far,Chinese,天空
False,equal/far,Chinese,藍色
False,equal/far,Chinese,你选那个色块
False,closer/close,Chinese,暗淡的
False,closer/close,Chinese,不明艳的花
True,closer/close,Chinese,最亮的
False,closer/close,Chinese,水泥
True,closer/close,Chinese,最黯淡的
True,further/split,Chinese,最亮的
True,further/split,Chinese,最艳丽的
True,closer/close,Chinese,最黯淡的
False,further/split,Chinese,阳光
False,further/split,Chinese,芒果
False,further/split,Chinese,水泥
False,further/split,Chinese,荧光
False,equal/far,Chinese,基佬
False,closer/close,Chinese,军队
False,further/split,Chinese,更黯淡的草地
False,equal/far,Chinese,海
False,further/split,Chinese,不繁茂的草地
False,further/split,Chinese,海
False,equal/far,Chinese,水泥
False,equal/far,Chinese,阴天
False,equal/far,Chinese,阴天
False,further/split,Chinese,？？？红色的阴天
False,equal/far,Chinese,花
False,closer/close,Chinese,= =
False,closer/close,Chinese,阴天
False,closer/close,Chinese,您在乱选吗
False,equal/far,Chinese,军队
False,closer/close,Chinese,喂。。。
False,closer/close,Chinese,我还没说你选啥啊
False,equal/far,Chinese,excuse me
False,further/split,Chinese,草地
False,further/split,Chinese,花
False,closer/close,Chinese,明亮
False,closer/close,Chinese,黯淡
False,further/split,Chinese,阴天
False,closer/close,Chinese,阴天
False,equal/far,Chinese,地
False,equal/far,Chinese,基佬
False,further/split,Chinese,湖水
False,equal/far,Chinese,海
False,closer/close,Chinese,黯淡
False,further/split,Chinese,大妈
False,equal/far,Chinese,赭石
False,equal/far,Chinese,军队
False,equal/far,Chinese,香蕉
False,further/split,Chinese,天
False,further/split,Chinese,阴天
False,closer/close,Chinese,大妈
False,equal/far,Chinese,天
False,equal/far,Chinese,草地
False,further/split,Chinese,深海
False,closer/close,Chinese,淡
